id,user_id,sub,name_ar,name_en,description,rating,total_reviews,encrypted_id,certification_status,business_type_ar,business_type_en,main_activity,commercial_record_number,commercial_record_name,exchange_refund_policy_has_no_refund_exchange,exchange_refund_policy_refund_days,exchange_refund_policy_exchange_days,exchange_refund_policy_exchange_refund_policy_text,contact_details_email,contact_details_mobile,contact_details_customer_service_number,contact_details_is_mobile_used_for_customer_service,address_city_name,address_region_name,address_street_name,address_is_private,image_url,business_sub_type_ar,business_sub_type_en,free_lance_document_license_no,free_lance_document_license_status,free_lance_document_license_issue_date,free_lance_document_license_expiry_date,free_lance_document_qr_code,free_lance_document_speciality_name,free_lance_document_category_name,free_lance_document_id,contact_details_phone,address_district_name,address_district_id,other_type_name,facebook_url,facebook_selling_channel,instagram_url,instagram_selling_channel,twitter_url,twitter_selling_channel,apple_store_url,apple_store_selling_channel,google_play_store_url,google_play_store_selling_channel,whatsapp_url,whatsapp_selling_channel,telegram_url,telegram_selling_channel,website_url,website_selling_channel,snapchat_url,snapchat_selling_channel,tiktok_url,tiktok_selling_channel
49,68344cb6-bfca-4c44-a53b-ca7ffe921267,9bfc59e0-3a66-4e70-b863-a71e63c72ded,صبا العود,Saba aloud,دهن العود والبخور الطبيعي,5,9,yTKuhKEphgDlz41zWbrH0g==,Gold,خدمات الأعمال,BusinessServices,متجر إلكتروني,1010530735,NA,FALSE,30,30,الاستبدال والاسترجاع متاح خلال 30 يوم,Saba.aloud@gmail.com,,505992201,FALSE,الرياض,منطقة الرياض,NA,TRUE,https://maroof-prod.ruh-s3.bluvalt.com/host/d7a28a18-5422-4489-9574-1d5e0619f6e4.jpeg,متاجر إلكترونية,OnlineStores,NA,NA,NA,NA,NA,NA,NA,NA,NA,NA,NA,NA,NA,NA,https://instagram.com/saba_aloud,TRUE,NA,NA,NA,NA,NA,NA,NA,NA,NA,NA,https://saba-aloud.com,TRUE,NA,NA,NA,NA
50,fa4e2389-75ba-4410-b736-071608b195d7,769cef7a-6d8f-4650-be0c-3b286bae1cf0,نشتري,neshtri,متجر الكتروني Dropshipping - مؤتمت بالكامل لبيع إكسسوارات الهواتف الذكية والإلكترونيات وملحقاتها,2.5,12,QuEvRBkLyTeZL9u+vTEG7Q==,Gold,إلكترونيات,Electronics,متجر إلكتروني,1010451057,مؤسسة صندوق الحلول للاتصالات و تقنية المعلومات,FALSE,0,0,لم يقم التاجر بإضافة سياسة للاستبدال والاسترجاع,hello@neshtri.com,,502222842,FALSE,NA,منطقة الرياض,NA,FALSE,https://maroof-prod.ruh-s3.bluvalt.com/host/49207f14-d35d-47b7-83d2-08db86da8a4a.png,إلكترونيات و إكسسوارات,ElectronicsAndAccessories,NA,NA,NA,NA,NA,NA,NA,NA,NA,NA,NA,NA,NA,NA,https://instagram.com/neshtri,TRUE,https://twitter.com/Neshtri,TRUE,NA,NA,NA,NA,NA,NA,NA,NA,http://www.neshtri.com,TRUE,NA,NA,NA,NA
54,7a4871a5-4879-46f8-8209-d3aa807ccef1,bd53c332-e084-4972-996d-373916721758,مناقصات,monaqsat,"تطبيق مناقصات
التطبيق العربي الأول في مجال
المناقصات الحكومية
المزادات
العقارات الحكومية
للايفون، الآيباد، الآندرويد

لتحميل التطبيق
لجميع الهواتف الذكية
monaqsat.com/download",5,1,BMiq7SNJegiCpksn4xxglw==,Gold,خدمات الأعمال,BusinessServices,متجر إلكتروني,1010404103,مؤسسة هلا كود لتقنية المعلومات,FALSE,0,0,لم يقم التاجر بإضافة سياسة للاستبدال والاسترجاع,marketing@monaqsat.com,,544990066,FALSE,NA,منطقة الرياض,NA,FALSE,https://maroof-prod.ruh-s3.bluvalt.com/host/aa7f3030-ef24-4c67-a072-5596b9149f35.jpeg,حلول إلكترونية,ElectronicSolutions,NA,NA,NA,NA,NA,NA,NA,NA,NA,NA,NA,NA,https://www.facebook.com/1602584946733088,TRUE,https://instagram.com/monaqsat,TRUE,https://twitter.com/Monaqsat,TRUE,NA,NA,NA,NA,NA,NA,NA,NA,http://www.monaqsat.com,TRUE,NA,NA,NA,NA
56,386659d0-8ad7-4b3d-b5fd-5aec6c51d0fa,038b383d-cb01-4fab-ab66-99a23a7d8a76,قلوسي,Glossy,نقوم بتقديم ضيافه كامله لحفلاتكم ومناسباتكم  من شوكولاته وموالح وفطاير وصواني أنيقه  ونسعد بتوصيلها  لموقع المناسبه عن طريق مندوبين وموظفات قلوسي,3.79,19,Fl1DyormWsbJzfG8DYd6rA==,Gold,أطعمة ومشروبات,FoodAndDrinks,متجر إلكتروني,1010509740,مركز قلوسي للتجارة,FALSE,0,0,لم يقم التاجر بإضافة سياسة للاستبدال والاسترجاع,ehanady@gmail.com,,554504570,FALSE,NA,منطقة الرياض,NA,FALSE,https://maroof-prod.ruh-s3.bluvalt.com/host/ee1bc906-19bc-42dc-8443-57ad8da30e42.jpeg,مطبخ ومخبوزات,KitchenAndBakery,NA,NA,NA,NA,NA,NA,NA,NA,NA,NA,NA,NA,NA,NA,https://instagram.com/glossy_ksa,TRUE,NA,NA,NA,NA,NA,NA,NA,NA,NA,NA,NA,NA,NA,NA,NA,NA
59,77a9cfe9-3a6f-4566-86d2-25aa556432b5,51126e95-700d-4305-9c74-300925eee555,رؤى الطبيعة,natur visions,"(رؤى الطبيعة) علامة تجارية مسجلة ®

متخصصون في المنتجات الطبيعية
مفحوصة من مختبرات المواصفات السعودية ومصرحة من هيئة الغذاء والدواء

منتجات طبيعية من دون إضافات صناعية تضر بالبشرة ...",4.5,18,7xMH6r3MA/M8T2X9D3HTEA==,Gold,الجمال والصحة,BeautyAndHealth,متجر إلكتروني,1010420231,مؤسسة رؤى الطبيعة للتجارة,TRUE,0,0,لا يمكن الاستبدال او الاسترجاع وفقاً لطبيعة المنتج أو الخدمة المقدمة,info@nv.sa,,557879333,FALSE,NA,منطقة الرياض,NA,FALSE,https://maroof-prod.ruh-s3.bluvalt.com/host/51c589c3-b697-47cb-ab6f-1374da51b209.jpeg,مستلزمات المرأة,WomenNecessities,NA,NA,NA,NA,NA,NA,NA,NA,NA,NA,NA,NA,NA,NA,NA,NA,https://twitter.com/nv_ksa,TRUE,NA,NA,NA,NA,9.66558E+11,FALSE,NA,NA,http://www.nv.sa,TRUE,NA,NA,NA,NA
64,7ce0bc64-0382-4b60-8cdb-8b8de47ef48e,413fe702-4060-489b-ad63-b925c0c26594,متجر أنتي ملكة,U R Queen Online Store,"متجر أنتِ ملكة ، كل ما يختص بجمالك لتكوني ملكة ، متجر يختص بـ منتجات التجميل و المكياج و العناية بالبشرة و الشعر ، إضافة إلى بعض مستلزمات المرأه العصريه.",04.09,11,lCQwpUcnGPti4EkDxUuTRg==,Gold,الجمال والصحة,BeautyAndHealth,متجر إلكتروني,4700016241,مؤسسة شريك النجاح التجارية,FALSE,0,0,لم يقم التاجر بإضافة سياسة للاستبدال والاسترجاع,t0532394403t@gmail.com,,532394403,FALSE,NA,منطقة مكة المكرمة,NA,FALSE,https://maroof-prod.ruh-s3.bluvalt.com/host/6cafc1fc-2404-42f9-a8fb-cbdc9a2a18e7.png,مستلزمات المرأة,WomenNecessities,NA,NA,NA,NA,NA,NA,NA,NA,NA,NA,NA,NA,https://www.facebook.com/1919399238283142,TRUE,https://instagram.com/u_r_queen,TRUE,NA,NA,NA,NA,NA,NA,NA,NA,NA,NA,http://www.u-r-queen.com,TRUE,NA,NA,NA,NA
67,547f1947-a513-4cb5-a754-af6017d5a15c,b0eedf97-5b70-4eab-a4d6-0ffd7f9f8e75,معرض الوهاج للسيارات,Alwahaj for cars,"#معرض_الوهاج_لتجارة_السيارات
 #الجديد|المستخدم|لجميع السيارات| 
●تواصل 
■0505683481 
□0508856555
 □0547301231 
●0117242583",3.69,13,du8mRDLd9hbqt1H2l7wbGg==,Gold,السيارات,Cars,متجر إلكتروني,1118003423,معرض الوهاج للسيارات,FALSE,0,0,لم يقم التاجر بإضافة سياسة للاستبدال والاسترجاع,alwahaj800@gmail.com,,508856555,FALSE,NA,منطقة الرياض,NA,FALSE,https://maroof-prod.ruh-s3.bluvalt.com/host/35ac7e87-fc78-48e3-ad80-4918dc283e8c.jpeg,أخرى,Other,NA,NA,NA,NA,NA,NA,NA,NA,NA,NA,NA,NA,NA,NA,https://instagram.com/alwhaaj,TRUE,https://twitter.com/Al_Wahaaj,TRUE,NA,NA,NA,NA,NA,NA,NA,NA,http://alwahaj.sa/cars,TRUE,NA,NA,NA,NA
73,8646612f-90f7-4a5a-880b-28609355f3ba,736bd749-2171-49d3-9538-07a0c21d4977,الوسط الرقمي لتقنية المعلومات,Digital Environment for IT,"تصميم موقعك من الألف إلى الياء بكل طلباتك
تصميم برامج نقاط بيع لجميع المحلات التجارية
تركيب كاميرات مراقبة سواء للمنازل او الشركات في 
جميع مدن المملكة
تركيب وتوفير اجهزة حضور وانصراف
توفير رخص ادوبي ومايكروسوفت اصلية",0,0,NWScAnvqId7AXkr6TmDqXg==,Gold,خدمات الأعمال,BusinessServices,متجر إلكتروني,2051052275,مؤسسة الوسط الرقمي لتقنية المعلومات,FALSE,0,0,لم يقم التاجر بإضافة سياسة للاستبدال والاسترجاع,Hassan.alhaji@dgenit.com,,568547010,FALSE,NA,المنطقة الشرقية,NA,FALSE,https://maroof-prod.ruh-s3.bluvalt.com/host/ea4a4334-4a73-4f28-9977-6db08885f100.png,حلول إلكترونية,ElectronicSolutions,NA,NA,NA,NA,NA,NA,NA,NA,NA,NA,NA,NA,NA,NA,NA,NA,NA,NA,NA,NA,NA,NA,NA,NA,NA,NA,http://www.dgenit.com,TRUE,NA,NA,NA,NA
87,758d27a0-1306-4de0-bed2-c665fdf1dc7a,5f9c7210-b987-4670-b557-87ff6174e739,بيتزا تي,Pizza T,بيتزا بعجينة طازجة تُعجن يومياً وبزيت الزيتون,5,3,fMeDUFwe6Tz5TQACmvXHAw==,Gold,أطعمة ومشروبات,FoodAndDrinks,متجر إلكتروني,2050203900,شركة تاد للنقل والتخزين,FALSE,0,0,لم يقم التاجر بإضافة سياسة للاستبدال والاسترجاع,Kab@tad.ae,,580033300,FALSE,NA,منطقة الرياض,NA,FALSE,https://maroof-prod.ruh-s3.bluvalt.com/host/76ad0da6-a246-430e-b647-9f3c2bf5eea6.jpeg,مطبخ ومخبوزات,KitchenAndBakery,NA,NA,NA,NA,NA,NA,NA,NA,NA,NA,NA,NA,https://www.facebook.com/?,TRUE,https://instagram.com/pizzatksa,TRUE,NA,NA,NA,NA,NA,NA,NA,NA,NA,NA,http://www.pizza-t.com,TRUE,NA,NA,NA,NA
107,741b728f-2123-4a8a-9fae-84ab0f18f79a,1cba7000-2313-4389-934f-72c4e84d9335,متجر إبراهيم الفهد الإلكتروني,a store Ibraheem alFahad,"متجر شامل لعرض المنتجات المتنوعه الجديدة و المستعملة
ولطلب منتجاتكم من المواقع الالكترونية العالمية",4.71,14,/pzjFI6hQifVjLqIWZtxBg==,Silver,خدمات الأعمال,BusinessServices,متجر إلكتروني,NA,NA,TRUE,0,0,لا يمكن الاستبدال او الاسترجاع وفقاً لطبيعة المنتج أو الخدمة المقدمة,0000000000@000.co,,545555880,FALSE,الرس,منطقة القصيم,NA,TRUE,https://maroof-prod.ruh-s3.bluvalt.com/host/6f8ba92c-d0ee-40be-92a9-cdfe2f409249.jpeg,متاجر إلكترونية,OnlineStores,FL-698733469,Active,2023-01-26,2024-01-26,https://freelance.sa/certificate-validation/certificate-validation-details/FL-698733469,ادارة وتنشيط المبيعات,المبيعات والتسويق,51460,NA,NA,NA,NA,NA,NA,https://instagram.com/ifem_shop,TRUE,https://twitter.com/IfemShop,TRUE,NA,NA,NA,NA,9.66546E+11,FALSE,NA,NA,NA,NA,NA,NA,NA,NA
111,0eb5d49c-cfd6-4343-87bc-d44d96133f8e,45e8128a-d44a-43ce-92f9-c7a8aa1a6cef,إلحق كوم,el7aq,"إلحق.كوم يوفر لكم عروضاً مميزة لأفضل صفقات المطاعم والترفيه والأنشطة التجارية المختلفة في المملكة العربية السعودية. إلحق.كوم طريقة سهلة وممتعة للحصول على أفضل العروض في مدينتك.

التسوق معنا سهل، فعندما ترى عرضاً لا يقاوم سارع بالشراء لتحصل على الصفقة فعروضنا تتوفر لفترة وكمية محدودة فقط!

أخبر أصدقائك وأفراد عائلتك وجميع معارفك عن صفقات إلحق.كوم، فنحن نوفر أفضل العروض لكل ما تحتاج من مختلف المنتجات والنشاطات المتجددة باستمرار. 

إلحق.كوم – مؤسسة إلحق العروض لتقنية المعلومات والاتصالات",2.67,3,gYpwuYU6G9+EbOpXLgZ9Cg==,Gold,خدمات الأعمال,BusinessServices,متجر إلكتروني,1010347946,مؤسسة إلحق العروض لتقنية المعلومات,FALSE,0,0,لم يقم التاجر بإضافة سياسة للاستبدال والاسترجاع,info@el7aq.com,,535539943,FALSE,NA,منطقة الرياض,NA,FALSE,https://maroof-prod.ruh-s3.bluvalt.com/host/5111300d-c20f-4bfd-b99c-c30e03989f51.png,متاجر إلكترونية,OnlineStores,NA,NA,NA,NA,NA,NA,NA,NA,NA,NA,NA,NA,NA,NA,https://instagram.com/el7aq,TRUE,https://twitter.com/el7aq_KSA,TRUE,NA,NA,NA,NA,NA,NA,NA,NA,http://www.el7aq.com,TRUE,NA,NA,NA,NA
131,be5363dc-f674-4ed2-a6dd-6f05d58a60c3,85c8b020-4758-4be7-b0a4-e5a023b0d102,برنش بيكري,BrunchBakery,ألذ كروسون ومخبوزات فرنسية ودانيش وساندوتشات ويوجد لدينا تجهيز وتموين للحفلات والاجتماعات,5,6,UB6PVSNWq/Rr9OMTS151lA==,Gold,أطعمة ومشروبات,FoodAndDrinks,متجر إلكتروني,1010607328,مؤسسة فطور غداء لتقديم الوجبات,TRUE,0,0,لا يمكن الاستبدال او الاسترجاع وفقاً لطبيعة المنتج أو الخدمة المقدمة,Houseofbakery2014@gmail.com,,500416611,FALSE,الرياض,منطقة الرياض,الامير محمد بن سلمان,FALSE,https://maroof-prod.ruh-s3.bluvalt.com/host/37048bf4-86d9-4aa3-996e-e1a02914f6fb.jpeg,مطبخ ومخبوزات,KitchenAndBakery,NA,NA,NA,NA,NA,NA,NA,NA,NA,NA,NA,NA,NA,NA,https://instagram.com/brunch_bakery_,TRUE,NA,NA,NA,NA,NA,NA,9.6656E+11,FALSE,NA,NA,http://brunchbakery.com.sa,TRUE,NA,NA,NA,NA
133,4d22e509-bf06-4a42-abf7-762df175536f,f2845af0-9c7e-4216-8121-d70d178615eb,كاكو,Kaku,متجر متخصص في بيع اجهزة العناية بالشرة,5,1,cl4/t+FNhQqG50r7CMm/EQ==,Silver,أخرى,Other,متجر إلكتروني,NA,NA,FALSE,7,3,"لدى متجرنا سياسة استبدال واسترجاع يجب على الجميع مراجعته 
يحق للعملاء طلب تغيير طلبهم في غضون 24 ساعة من الطلب
 لديهم أيضًا الحق في استبدالها في غضون 7 أيام وإعادتها في غضون 3 أيام فقط إذا تم فتح الحزمة واستخدام المنتج
 فإننا نحتفظ بالحق في رفض طلب الاستبدال والإرجاع
في حالة تلف المنتج بسبب سوء الاستخدام، يحق لنا أيضًا رفض الطلب
وفي حالة وجود عيوب في التصنيع، يحق للعملاء إرجاع المنتج
في حالة تلف المنتج بسبب الشحن والمناولة
يجب على العملاء إرسال صور الأضرار التي لحقت بالمنتج مع رقم الرمز وفاتورة الشراء إلى متجرنا
بمجرد التأكيد سيتم شحن منتج آخر إليهم بدون تكلفة",selection489nap@gmail.com,,533969320,FALSE,الرياض,منطقة الرياض,بشر الكندي,TRUE,https://maroof-prod.ruh-s3.bluvalt.com/host/1b8819eb-ab9f-430e-ac60-c1a3c5e82a4f.jpg,NA,NA,FL-496198572,Active,2022-12-15,2023-12-15,https://freelance.sa/certificate-validation/certificate-validation-details/FL-496198572,ادارة وتنشيط المبيعات,المبيعات والتسويق,31930,NA,NA,NA,NA,https://www.facebook.com/Kaku-Store-105487922393768,TRUE,https://instagram.com/kakuskin1,TRUE,NA,NA,NA,NA,NA,NA,9.66533E+11,FALSE,NA,NA,https://kakuskin.com/,TRUE,NA,NA,NA,NA
136,42c5dced-530b-421a-895e-465c4797525e,d665e382-e4cc-4109-8ffd-a47300e56004,مؤسسة الرقم الاول للتجارة,First number1,وبيع اجهزة الجوال و الكتسواراتها جميع انواعها,3,4,Kr4Rt7jjB3fAaBQzoWiNVA==,Gold,إلكترونيات,Electronics,متجر إلكتروني,1010242324,مؤسسة الرقم الاول للتجارة,FALSE,0,0,لم يقم التاجر بإضافة سياسة للاستبدال والاسترجاع,first_number1@outlook.com,,533173339,FALSE,NA,منطقة الرياض,NA,FALSE,https://maroof-prod.ruh-s3.bluvalt.com/host/083af855-f95f-4d7d-920d-fb3359f16446.jpeg,إلكترونيات و إكسسوارات,ElectronicsAndAccessories,NA,NA,NA,NA,NA,NA,NA,NA,NA,NA,NA,NA,NA,NA,https://instagram.com/first_number1,TRUE,NA,NA,NA,NA,NA,NA,9.66533E+11,FALSE,NA,NA,https://www.fno.com.sa/index.php?route=common/home,TRUE,NA,NA,NA,NA
140,38fe5eaa-2a8a-4d32-9912-bd6c68fb0b1d,33efb7a1-bddf-446f-b4aa-ee9c7167447c,علوم المحركات,Motor sciences,استيراد وتصدير قطع الغيار وكل ماهو متعلق ب المحركات والسيارات ب جميع انواعها,0,0,2bRdmuNODtl3opyUlHz/Pg==,Gold,السيارات,Cars,متجر إلكتروني,5800107831,مؤسسة علوم المحركات التجارية,FALSE,0,0,لم يقم التاجر بإضافة سياسة للاستبدال والاسترجاع,motorsciences@gmail.com,,540013887,FALSE,NA,منطقة مكة المكرمة,NA,FALSE,https://maroof-prod.ruh-s3.bluvalt.com/host/4a5ab594-fc2c-4dfc-8ef5-1003d7d6be5d.png,أخرى,Other,NA,NA,NA,NA,NA,NA,NA,NA,NA,NA,NA,NA,https://www.facebook.com/1743649905914533,TRUE,NA,NA,NA,NA,NA,NA,NA,NA,NA,NA,NA,NA,http://www.motorsciences.com,TRUE,NA,NA,NA,NA
148,f53a1d1e-3bbf-4573-ade6-0a8f989cb038,c73f8649-71dd-4625-9c1d-ff03b76062e9,أندلوسيان,Andalosian,هدايا وتغليف وورود,0,0,AHvgTDOGfko3gyuO6y+pDw==,Gold,أخرى,Other,متجر إلكتروني,4031064644,شركة أسود الابداع التجارية,FALSE,0,0,لم يقم التاجر بإضافة سياسة للاستبدال والاسترجاع,info@andalosian.com,,505554754,FALSE,NA,منطقة مكة المكرمة,NA,FALSE,https://maroof-prod.ruh-s3.bluvalt.com/host/910956de-a4f9-429b-8ffb-2895093a64ab.jpeg,NA,NA,NA,NA,NA,NA,NA,NA,NA,NA,NA,NA,NA,NA,NA,NA,https://instagram.com/andalosian,TRUE,NA,NA,NA,NA,NA,NA,NA,NA,NA,NA,http://www.andalosian.com,TRUE,NA,NA,NA,NA
167,a47bbb7d-98c4-44fa-aa20-f3cd7d43c2a2,a9fb0407-37f9-42cc-87d1-52b7f1ac8887,متجرفريسيا,freesia shop,مكياج وادوات العناية,5,4,/Rp3YMeQJ6GABubF4aJEww==,Gold,الجمال والصحة,BeautyAndHealth,متجر إلكتروني,1010420226,شركة منتجات الجمال للتجارة,TRUE,0,0,لا يمكن الاستبدال او الاسترجاع وفقاً لطبيعة المنتج أو الخدمة المقدمة,info@freesiashop.com,,563119119,FALSE,الرياض,منطقة الرياض,طريق الامام عبدالله بن سعود بن عبدالعزيز,TRUE,https://maroof-prod.ruh-s3.bluvalt.com/host/7ab8498f-23a1-4e8d-8dfa-5c237e794554.jpg,مستلزمات المرأة,WomenNecessities,NA,NA,NA,NA,NA,NA,NA,NA,920006698,NA,NA,NA,https://www.facebook.com/freesiaShopCom/,FALSE,https://instagram.com/freesiashopcom,FALSE,https://twitter.com/freesiaShopCom,FALSE,https://apps.apple.com/sa/app/freesia-%D9%81%D8%B1%D9%8A%D8%B3%D9%8A%D8%A7/id1350354218?l=ar,TRUE,https://play.google.com/store/apps/details?id=com.freesiashop&amp;hl=ar,TRUE,9.66563E+11,FALSE,NA,NA,http://www.freesiashop.com,TRUE,NA,NA,NA,NA
176,d8c57950-cb5c-4ca7-866c-03aded888217,e3fb9306-bb78-485a-b3e9-d19b4a1e436a,واحد اثنين ثلاثة,ONE TWO THREE,تشغيل المطاعم الوجبات السريعة ومحلات الكوفي شوب,5,3,FnYJf+Id9WJgOVrQHtW5Cg==,Gold,أطعمة ومشروبات,FoodAndDrinks,متجر إلكتروني,1131027081,مؤسسة واحد اثنين ثلاثه التجاريه,TRUE,0,0,لا يمكن الاستبدال او الاسترجاع وفقاً لطبيعة المنتج أو الخدمة المقدمة,care@123co.sa,,564371123,FALSE,بريدة,منطقة القصيم,,TRUE,https://maroof-prod.ruh-s3.bluvalt.com/host/6a4561d4-ea22-42cf-92eb-bb63776a9b47.png,مطبخ ومخبوزات,KitchenAndBakery,NA,NA,NA,NA,NA,NA,NA,NA,564371123,NA,NA,NA,NA,NA,https://instagram.com/123co.sa,FALSE,NA,NA,NA,NA,NA,NA,9.66564E+11,FALSE,NA,NA,http://www.123co.sa,TRUE,NA,NA,NA,NA
182,05e9a417-eb1e-487c-8753-fe235d7122bd,aff739b2-666b-4f47-9958-e2f2e00f6b1f,فونيستر,Phonester,فونيستر هي علامة تجارية سعودية تخصصنا في تقديم أجمل الاكسسوارات الأصلية للأجهزة الذكية التي تسهل لك استخدام جهازك ومع فونيستر كل الحلول ممكنة,5,4,9fi37pXFq1Mc/YV5RhRFVg==,Gold,إلكترونيات,Electronics,متجر إلكتروني,1135100074,مؤسسة محمد عبدالرحمن عبدالله الميمان التجارية,FALSE,0,0,لم يقم التاجر بإضافة سياسة للاستبدال والاسترجاع,Phonester.store@gmail.com,,542764343,FALSE,NA,منطقة القصيم,NA,FALSE,NA,إلكترونيات و إكسسوارات,ElectronicsAndAccessories,NA,NA,NA,NA,NA,NA,NA,NA,NA,NA,NA,NA,NA,NA,..https://instagram.com/phonest,TRUE,https://twitter.com/phonester_store,TRUE,NA,NA,NA,NA,9.66543E+11,FALSE,NA,NA,https://phonester.sa/,TRUE,NA,NA,NA,NA
186,a54d6fac-304f-466c-a7e9-fcbae5dd758b,86ce129a-daa5-4e92-a10f-6569174aad62,دوائر و ألوان للديكور,,"تصميم وتنفيذ مظلات حدائق حسب الطلب
للاستفسار : 0540005251
.. من خدماتنا 🌸🍃..
تجهيز المحلات التجارية كلادينج وحروف نيون وليدات
تجهيز كشكات المولات
توريد وتنفيذ الابواب الخشبية
حواجز خشبية بارتشن
تلبيسات جدارية
غرف نوم
خزائن ملابس
تجهيز الحدائق والاستراحات
تشطيب وتأثيث بعد العظم
دربزين
الموقع :تبوك📍",3.5,2,9f0W5Oubq3zpSodOPCUniA==,Gold,المنزل,Home,متجر إلكتروني,4651100464,مؤسسة دوائر والوان للمقاولات,FALSE,0,0,لم يقم التاجر بإضافة سياسة للاستبدال والاسترجاع,kefe40005251@gmail.com,,540005251,FALSE,NA,منطقة تبوك,NA,FALSE,NA,أثاث وديكور,FurnitureAndDecoration,NA,NA,NA,NA,NA,NA,NA,NA,NA,NA,NA,NA,NA,NA,https://instagram.com/decor_m_2015,TRUE,NA,NA,NA,NA,NA,NA,NA,NA,NA,NA,NA,NA,NA,NA,NA,NA
194,417f2bcb-893f-4d02-a90a-efbe4f8806ca,155403cd-b52a-466e-a0f4-6f4196b943bf,نايف تويز,NayefToys,متجر سعودي لبيع الألعاب والمجسمات المتحركة.,3,2,I7en5EXJ1gIbIXnkRXdTdQ==,Gold,أخرى,Other,متجر إلكتروني,1010419258,مؤسسة نايف حمد بن دخيل للتجارة,FALSE,0,0,لم يقم التاجر بإضافة سياسة للاستبدال والاسترجاع,Nayef@Nayeftoys.com,,504323225,FALSE,NA,منطقة الرياض,NA,FALSE,https://maroof-prod.ruh-s3.bluvalt.com/host/8d40256c-26b4-465d-b37b-4c8d43d78955.jpg,NA,NA,NA,NA,NA,NA,NA,NA,NA,NA,NA,NA,NA,NA,https://www.facebook.com/1784269478480871,TRUE,..https://instagram.com/nayefto,TRUE,https://twitter.com/NayefToys,TRUE,NA,NA,NA,NA,NA,NA,NA,NA,http://www.NayefToys.com,TRUE,NA,NA,NA,NA
198,d062bf58-9901-43e0-b27d-edcbaf709b2f,ff903f62-b499-47f4-8af6-aab6ae290058,شركه ابناء العماري للاقمشه,alammari sons co,"محلات العماري لاقمشه العبايات و الطرح و الاقمشه الملونه بالجمله 
مستشارك لاختيار الاقمشه",5,3,CTzXhJxZfqBWLCcghh4Ocg==,Gold,الجمال والصحة,BeautyAndHealth,متجر إلكتروني,4030060240,شركة ابناء سالم حسن العماري,FALSE,0,0,لم يقم التاجر بإضافة سياسة للاستبدال والاسترجاع,waleed@alammaritex.com,,554499499,FALSE,NA,منطقة مكة المكرمة,NA,FALSE,https://maroof-prod.ruh-s3.bluvalt.com/host/1cc79c2b-7684-4b6c-821d-c404c5ded1e7.jpg,مستلزمات المرأة,WomenNecessities,NA,NA,NA,NA,NA,NA,NA,NA,NA,NA,NA,NA,https://www.facebook.com/10207402317470896,TRUE,https://instagram.com/alammaristores,TRUE,https://twitter.com/alammaristores,TRUE,NA,NA,NA,NA,NA,NA,NA,NA,www.alammaritex.com,TRUE,NA,NA,NA,NA
208,ffd8947e-c247-4554-9f50-2bc42632fdd4,cd63843a-2c5b-495f-9433-6c069211664f,تخير,T5ear store,"متجر تشتري منه سعادتك  
منتجات تسهّل حياتك و تخليها أكثر متعة و حماس ",4.73,150,/kFOxD3ULZhM4JeTDaOOLg==,Gold,خدمات الأعمال,BusinessServices,متجر إلكتروني,1010534066,مؤسسة المقتنيات الحديثة لتقنية المعلومات,FALSE,7,7,"آلية الضمان 

يتم شحن المنتج التالف من قبل العميل إلى عنواننا في الرياض

بعد ذلك يتم شحن المنتج البديل من قبل المتجر

الضمان لايشمل سوء الإستخدام من قبل العميل مثل الكسر والقطع وغيره


يتحمل العميل تكاليف الشحن 


آلية الإستبدال والإسترجاع

مسموح خلال ٧ أيام من تاريخ إنشاء الطلب ، بشرط عدم فتح العلبة واستعمال المنتج

يتحمل العميل تكاليف الشحن 


في حال كان الدفع عن طريق الفيزا ، سيتم خصم عمولة الشركة المشغلة عند الاسترجاع


في حال لم يستلم العميل الشحنة وتم استرجاعها لنا ، فسيتكفل العميل بمبلغ إعادة الشحن والاسترجاع


لايمكن استبدال او استرجاع المحفظة بعد طلب الطباعة عليها

الحفاظ على رقم الطلب وكامل ملحقات الجهاز مهم للاستفادة من الضمان والاستبدال والاسترجاع 
في حال وجود اعتراض على الشحنة يتم التواصل خلال ٢٤ ساعة من استلام الطلب

آلية التوصيل واستلام الطلب تتبع لسياسة شركة التوصيل
",sales@t5ear.com,,532515119,FALSE,الرياض,منطقة الرياض,ضرار بن الخطاب,TRUE,https://maroof-prod.ruh-s3.bluvalt.com/host/37e2d723-df66-4cce-8987-29a4547a9e9b.png,متاجر إلكترونية,OnlineStores,NA,NA,NA,NA,NA,NA,NA,NA,NA,NA,NA,NA,NA,NA,https://instagram.com/t5ear,TRUE,https://twitter.com/t5ear,TRUE,NA,NA,NA,NA,9.66533E+11,FALSE,NA,NA,http://www.t5ear.com//,TRUE,NA,NA,NA,NA
209,8c146670-c382-4c88-8672-0e79bd15679a,be51f5d0-a1a7-4653-9930-bebd1a1facaf,متجر إكسسواري,,"تألقي بأجمل الماركات من الإكسسوارات والساعات والمكياج والكماليات من متجر إكسسواري الإلكتروني 
نوفر خدمة الدفع عند الإستلام لجميع مدن المملكة",1,1,5Nntl9bU0yCpplBFTLTQSQ==,Gold,الجمال والصحة,BeautyAndHealth,متجر إلكتروني,3453004611,مؤسسة إكسسواري الأول التجارية,FALSE,0,0,لم يقم التاجر بإضافة سياسة للاستبدال والاسترجاع,xsswarycom@gmail.com,,559320104,FALSE,NA,منطقة الرياض,NA,FALSE,https://maroof-prod.ruh-s3.bluvalt.com/host/e4cc2a63-823c-4439-a720-fd74c98369f4.jpeg,مستلزمات المرأة,WomenNecessities,NA,NA,NA,NA,NA,NA,NA,NA,NA,NA,NA,NA,NA,NA,NA,NA,https://twitter.com/xsswarycom,TRUE,NA,NA,NA,NA,9.66552E+11,FALSE,NA,NA,http://www.xsswary.com,TRUE,NA,NA,NA,NA
212,5e4c6998-3034-497f-9035-0b18a0cb9b7b,2e0fa2d3-1eb1-4789-a3d4-1285da2d7e75,متجر تمور المنورة,Munwra Dates Store,متجر متخصص في بيع تمور المدينة المنورة . اشهر العلامات التجارية في تمور المدينة تحت سقف واحد .,4.67,21,KOJMD2ly1ikl4v3mphnv5A==,Gold,خدمات الأعمال,BusinessServices,متجر إلكتروني,4650189771,مؤسسة تمور المنورة للتجارة والتسويق,FALSE,0,0,لم يقم التاجر بإضافة سياسة للاستبدال والاسترجاع,cs@munwradates.store,,509869000,FALSE,NA,منطقة المدينة المنورة,NA,FALSE,https://maroof-prod.ruh-s3.bluvalt.com/host/5b7bffc2-0871-4c9f-bd4e-1bb4c1d78d91.PNG,حلول إلكترونية,ElectronicSolutions,NA,NA,NA,NA,NA,NA,NA,NA,NA,NA,NA,NA,NA,NA,https://instagram.com/munwradates,TRUE,..https://twitter.com/MunwraDat,TRUE,NA,NA,NA,NA,NA,NA,NA,NA,https://munwradates.store,TRUE,NA,NA,NA,NA
215,d82790cd-abc1-46aa-ba40-6ef4d17bc28f,c2e3dec6-c094-41cb-838e-1f5d2e1a058d,مقاولات وتأجير الفنادق حج عمره,NA,"مقاولات وتاجير الفنادق للحج والعمره 
وكافت خدمات الحج والعمره",0,0,qSafc6v8faUAzurdYPfhFg==,Gold,العقارات,RealEstate,متجر إلكتروني,4031221319,مؤسسة المسافر العربي لتنظيم الرحلات,FALSE,0,0,لم يقم التاجر بإضافة سياسة للاستبدال والاسترجاع,b88.2009@gmail.com,,540000569,FALSE,NA,منطقة مكة المكرمة,NA,FALSE,NA,أخرى,Other,NA,NA,NA,NA,NA,NA,NA,NA,NA,NA,NA,NA,NA,NA,https://instagram.com/bbbb2014b,TRUE,NA,NA,NA,NA,NA,NA,NA,NA,NA,NA,http://,TRUE,NA,NA,NA,NA
218,df6e5d57-acd1-41b1-afa2-a1aaf6b761da,Exceptiondf6e5d57-acd1-41b1-afa2-a1aaf6b761da,حاضر لأنظمة الفعاليات,Hadir Event Management tools,"منصة الكترونية لادارة الفعاليات، تمتلك تقنيات متخصصة في خدمات التسجيل الالكتروني وتعداد الزوار وادارة الاحتياجات الالكترونية للفعالية الكترونيا في اي زمان ومكان.",5,1,UjUxty6dDovjRk0MBHlBOQ==,Gold,خدمات الأعمال,BusinessServices,متجر إلكتروني,4030339198,مؤسسة حاضر المعرفة لتنظيم المعارض والمؤتمرات,FALSE,0,0,لم يقم التاجر بإضافة سياسة للاستبدال والاسترجاع,saudb@hadir.co,,562962556,FALSE,NA,منطقة مكة المكرمة,NA,FALSE,https://maroof-prod.ruh-s3.bluvalt.com/host/aca6b17a-afce-4829-ac37-be90d18c5f3c.jpeg,حلول إلكترونية,ElectronicSolutions,NA,NA,NA,NA,NA,NA,NA,NA,NA,NA,NA,NA,NA,NA,https://instagram.com/hadirco,TRUE,https://twitter.com/Hadirco,TRUE,NA,NA,NA,NA,NA,NA,NA,NA,http://www.hadir.co,TRUE,NA,NA,NA,NA
232,71e11815-0066-40b0-9cca-c9d5bbaa2ef9,01fb4f19-ee28-40f0-89bd-05c7e437fdc1,ورددائم روزز,Dime Roses,متجر متخصص في الورود الدائمة والورود الطبيعية والبالون وشموع اعياد الميلاد وتجهيز الهدايا وبوكيهات الورد الطبيعي مع خدمة توصيل الورد في نفس اليوم في مدينة الرياض,0,0,w0pM8l38wcBJLinmLdPXHQ==,Gold,حفلات,Occasions,متجر إلكتروني,1010539501,مؤسسة اريج اللافندر للتجارة,TRUE,0,0,لا يمكن الاستبدال او الاسترجاع وفقاً لطبيعة المنتج أو الخدمة المقدمة,Info@dimeroses.com,,559756029,FALSE,الرياض,منطقة الرياض,شارع الهفوف,TRUE,https://maroof-prod.ruh-s3.bluvalt.com/host/519faaa1-5b81-402b-b9f5-7afcd5d33f3e.png,تنسيق مناسبات وحفلات,CoordinationEventsAndOccasions,NA,NA,NA,NA,NA,NA,NA,NA,NA,NA,NA,NA,NA,NA,https://instagram.com/dimeroses,TRUE,NA,NA,NA,NA,NA,NA,9.6656E+11,FALSE,NA,NA,https://dimeroses.com/,TRUE,NA,NA,NA,NA
237,9f970d65-803f-4d38-b0a5-1fc70f493694,50bc6a58-76fb-45e7-9a89-5f7ee8d86811,آي برومو فور,i PROMP 4,"GRAPHIC DESIGN & PRINTING 
التصميم الجرافيكي والطباعة
WEB & DIGITAL MEDIA SERVICES
خدمات المواقع الإليكترونية و الاعلام الرقمي
GIFT AND GIVEAWAYS
الهدايا الدعائيه
EXHIBITION & EVENT SERVICES
خدمات المعارض التجاريه والمناسبات 


الهوية المؤسسية
تصوير الفيديو و التصوير الضوئي",0,0,1ISEbk5tyjlTlG9NcRJ2wQ==,Gold,خدمات الأعمال,BusinessServices,متجر إلكتروني,4030340803,مؤسسة النافذة الشاملة التجارية,FALSE,0,0,لم يقم التاجر بإضافة سياسة للاستبدال والاسترجاع,m.zoabi@ipromo4.com,,544078441,FALSE,NA,منطقة مكة المكرمة,NA,FALSE,https://maroof-prod.ruh-s3.bluvalt.com/host/d04460c3-d807-4a7f-891a-6ee92f04a5f3.png,تصميم وطباعة,DesignAndPrint,NA,NA,NA,NA,NA,NA,NA,NA,NA,NA,NA,NA,https://www.facebook.com/206702819706091,TRUE,NA,NA,NA,NA,NA,NA,NA,NA,NA,NA,NA,NA,http://www.ipromo4.com,TRUE,NA,NA,NA,NA
238,56603d4f-0539-44e6-b72a-e31b9ddcf816,cc0496c8-b2c8-424d-a969-a2a88402ffd9,موسم رياضي,Sport Seaosn,بيع الملابس والمستلزمات الرياضية,0,0,Ltc0GX61f7Xdv3uPE84OGg==,Gold,أخرى,Other,متجر إلكتروني,1010401247,مؤسسة موسم رياضي للتجارة,FALSE,0,0,لم يقم التاجر بإضافة سياسة للاستبدال والاسترجاع,aalsaeed@sportseason.sa,,501101079,FALSE,NA,منطقة الرياض,NA,FALSE,https://maroof-prod.ruh-s3.bluvalt.com/host/4147a40a-9e09-4f54-94f2-9490d1f7f10c.jpeg,NA,NA,NA,NA,NA,NA,NA,NA,NA,NA,NA,NA,NA,NA,NA,NA,NA,NA,https://twitter.com/sport_season,TRUE,NA,NA,NA,NA,NA,NA,NA,NA,NA,NA,NA,NA,NA,NA
240,88e0452a-4e3c-4fe0-b943-02ccda87e805,b51fa478-3a0c-43fd-b2a2-53a298e99cf7,إي إي ديزاينز,EA Designs,إي إي ديزاينز للتصاميم النسائيه العصريه .. تناسب المرأة العملية الانيقه,5,13,LbXiKIiiaEk3hPIRILmePQ==,Gold,الجمال والصحة,BeautyAndHealth,متجر إلكتروني,4030455672,مؤسسة اللباس العصري للتجارة,FALSE,0,0,لم يقم التاجر بإضافة سياسة للاستبدال والاسترجاع,info@ea-des.com,,501341204,FALSE,NA,منطقة مكة المكرمة,NA,FALSE,https://maroof-prod.ruh-s3.bluvalt.com/host/3bae4913-6816-4738-8806-b11468a01e6e.jpg,مستلزمات المرأة,WomenNecessities,NA,NA,NA,NA,NA,NA,NA,NA,NA,NA,NA,NA,NA,NA,https://instagram.com/ea_designs,TRUE,NA,NA,NA,NA,NA,NA,NA,NA,NA,NA,NA,NA,NA,NA,NA,NA
246,631e6ae2-ba26-4d15-9186-95b8958ce2c5,84bb1bfe-0fe3-4cea-aac9-ee4fbd435675,قلاري الإبداع للزهور,Glary Creativity For Flowers,تنسيق الهدايا والزهور  واقامة الحفلات الخاصة,4.67,6,29gPkpwMIm96XoD0t8lh6w==,Gold,حفلات,Occasions,متجر إلكتروني,2066004087,مؤسسة قلاري الإبداع للكماليات,FALSE,0,0,لم يقم التاجر بإضافة سياسة للاستبدال والاسترجاع,sauver.sa@gmail.com,,503888879,FALSE,رأس تنورة,المنطقة الشرقية,NA,FALSE,https://maroof-prod.ruh-s3.bluvalt.com/host/41c2f5f6-748b-4943-b132-5f02c1b83c33.jpeg,تنسيق مناسبات وحفلات,CoordinationEventsAndOccasions,NA,NA,NA,NA,NA,NA,NA,NA,NA,NA,NA,NA,NA,NA,https://instagram.com/glarygroup,TRUE,https://twitter.com/GiftsGlary,TRUE,NA,NA,NA,NA,9.66504E+11,FALSE,NA,NA,http://www.glary.sa,TRUE,NA,NA,NA,NA
248,60e60339-ef6d-435e-bc7e-f281889885c2,36575b7a-0024-475c-80b1-f7e5b565bf98,ريتسكين,Retskin,ريتسكين العلامة الرائدة الأولى في الشرق الأوسط المختصة في أجهزة التجميل المنزلية ذات الجودة العالية بتقنيات فرنسية متطورة وفاعلية مضمونة,2.8,5,7PXBz7N+pCj4qyrrjpBvcw==,Gold,الجمال والصحة,BeautyAndHealth,متجر إلكتروني,2251100030,مؤسسة المتجر الأنيق التجارية,FALSE,0,0,لم يقم التاجر بإضافة سياسة للاستبدال والاسترجاع,info@retskin.com,,569045599,FALSE,NA,المنطقة الشرقية,NA,FALSE,https://maroof-prod.ruh-s3.bluvalt.com/host/2db8dae4-1526-47a7-aed1-4204525a3ff2.jpg,مستلزمات المرأة,WomenNecessities,NA,NA,NA,NA,NA,NA,NA,NA,NA,NA,NA,NA,NA,NA,https://instagram.com/style.mall,TRUE,NA,NA,NA,NA,NA,NA,NA,NA,NA,NA,http://www.retskin.com,TRUE,NA,NA,NA,NA
250,054b8ae5-8c8f-4ab8-9cbe-2c816d6c7d13,ff6f43f7-32c0-4b96-ae1b-fd8833560f8c,مفارش الحبيب,Alhabib Bedding,"متجر مفارش الحبيب مختص بجميع احتياجاتكم من المنتجات المنزلية، منها اللباد ووسائد النوم والمفارش الصيفيّة والشتويّة والفندقيّة، إضافةً لمفارش الأطفال والإكسسوارات المنزلية
 نسعى لخدمتك ونعمل على تصميم منزلك بالشكل العصري المريح وبأفضل الأسعار",4.27,15,XelAY9GWnbBcGOIKLF8BWw==,Gold,المنزل,Home,متجر إلكتروني,1131036194,شركة عبدالله عيسى محمد الحبيب للتجارة شركة شخص واحد,FALSE,0,0,لم يقم التاجر بإضافة سياسة للاستبدال والاسترجاع,care@alhabibshop.com,,594241111,FALSE,بريدة,منطقة القصيم,NA,FALSE,https://maroof-prod.ruh-s3.bluvalt.com/host/da5ce451-48bb-41fe-8234-6db43352cc29.jpg,أثاث وديكور,FurnitureAndDecoration,NA,NA,NA,NA,NA,NA,NA,NA,NA,NA,NA,NA,NA,NA,https://instagram.com/alhabib_shop,TRUE,https://twitter.com/alhabib_shop,TRUE,https://apps.apple.com/sa/app/%D9%85%D9%81%D8%A7%D8%B1%D8%B4-%D8%A7%D9%84%D8%AD%D8%A8%D9%8A%D8%A8/id1420285929,TRUE,https://play.google.com/store/apps/details?id=com.alhabibshop.android&hl=ar,TRUE,NA,NA,NA,NA,http://www.alhabibshop.com,TRUE,NA,NA,NA,NA
262,f1e0975e-c63a-44c4-82b5-1c1484531162,6ac536a4-3f49-4ae3-88ee-5781171e1529,المداد التقني,Techmedad,"المداد التقني للتدريب 
للتدريب الالكتروني 
في مجال الحاسب والعلوم واللغة الانجليزية",0,0,LT62T4kbQUrK8NYUICxV5A==,Gold,التعليم,Education,متجر إلكتروني,2053113526,شركة المداد لتقنية المعلومات شركة شخص واحد,FALSE,0,0,لم يقم التاجر بإضافة سياسة للاستبدال والاسترجاع,e-medad@outlook.sa,,535763133,FALSE,NA,المنطقة الشرقية,NA,FALSE,https://maroof-prod.ruh-s3.bluvalt.com/host/ad7d887a-2d59-45e8-b26b-71ff930aeffc.png,خدمات أكاديمية,AcademyServices,NA,NA,NA,NA,NA,NA,NA,NA,NA,NA,NA,NA,NA,NA,https://instagram.com/techmedad,TRUE,NA,NA,NA,NA,NA,NA,NA,NA,NA,NA,http://www.techmedad.edu.sa,TRUE,NA,NA,NA,NA
281,a54c9ae6-9c37-49d7-868b-fe33c21d52ea,ed82894d-798e-4d2b-be93-2767acfb6161,نوتة,Notah,نوتة متجر إلكتروني متخصص في توفير الأدوات المكتبية والمدرسية من كل أنحاء العالم  وتكون بأشكال مميزة وجميلة  وملهمة  أيضاً نعمل على دعم المنتجات الوطنية التي تكون في مجال الأدوات المكتبية ونوفر لها مكان في متجر نوتة,4,3,VKdmi7sJ2LQPS0teOjIpPA==,Gold,خدمات الأعمال,BusinessServices,متجر إلكتروني,4032043150,مؤسسة البعد العالي التجارية,FALSE,2,7,"يحق للمشتري إسترجاع السلعة خلال يومين عمل والإستيدال خلال ٧ أيام
مع الإلتزام عند الإسترجاع لا يكون المنتج تالف أو به أي أضرار لحقت بالمنتج",info@notahstore.com,,532918291,FALSE,الطائف,منطقة مكة المكرمة,NA,TRUE,https://maroof-prod.ruh-s3.bluvalt.com/host/65a3e911-747f-42e6-8307-83b06e592c10.png,متاجر إلكترونية,OnlineStores,NA,NA,NA,NA,NA,NA,NA,NA,NA,NA,NA,NA,NA,NA,https://instagram.com/notahstore,FALSE,https://twitter.com/Notahstore,FALSE,NA,NA,NA,NA,NA,NA,NA,NA,http://notahstore.com/,TRUE,NA,NA,NA,NA
293,159cad06-e140-4207-97fb-604d58857a81,d75d3b3f-500c-4c48-a557-ddc6e8b42e39,بزل للالعاب والوسائل التعليمية,Puzzle for educational toys,"بزل للالعاب والوسائل التعليمية
مختصة بالالعاب التعليمية والاثاث المدرسي والروضات وتجهيز مراكز ذوي الاحتياجات الخاصة",5,1,tMnXdxXGF9mxcd6GL8JwIg==,Gold,أخرى,Other,متجر إلكتروني,1010292029,مؤسسة أحجيه للتجارة,FALSE,3,7,"لاستبدال خلال سبعة أيام فقط من تاريخ الشراء
الاسترجاع خلال ثلاثة أيام من تاريخ الشراء
يجب توفر اصل إيصال الشراء عند الاستبدال والاسترجاع
يجب ان يكون المنتج بنفس حالته عند الشراء ومغلف بغلافة الأصلي
المنتجات الالكرتونية لاتستبدل او تسترجع",info@puzzle.com.sa,,548005533,FALSE,الرياض,منطقة الرياض,NA,FALSE,https://maroof-prod.ruh-s3.bluvalt.com/host/b04d5335-2545-4f44-a025-2525efeecf83.png,NA,NA,NA,NA,NA,NA,NA,NA,NA,NA,920010765,NA,NA,NA,https://www.facebook.com/puzzle.ksa,TRUE,https://instagram.com/puzzle0,TRUE,https://twitter.com/puzzle_ksa,TRUE,NA,NA,NA,NA,9.66548E+11,FALSE,NA,NA,http://puzzle.com.sa,TRUE,NA,NA,NA,NA
298,509e0c83-a969-4e25-b69a-4f01c6f4de63,98ce3d4e-2c1c-4204-b59e-56f69dd87325,مؤسسة المتجر المتزامن,Sync Store,موزع معتمد لشركة Apple,3.77,44,D/nF5cXmsDmPrQRfLyQUbA==,Gold,إلكترونيات,Electronics,متجر إلكتروني,2251044850,مؤسسة المتجر المتزامن التجارية,FALSE,3,7,تطبق سياسة الاستبدال و الاسترجاع المسجلة في الموقع الالكتروني,info@sync.sa,,535835050,FALSE,الهفوف,المنطقة الشرقية,NA,TRUE,https://maroof-prod.ruh-s3.bluvalt.com/host/bef4a88e-1565-4693-9cc2-adfe7fdaf8f3.jpeg,إلكترونيات و إكسسوارات,ElectronicsAndAccessories,NA,NA,NA,NA,NA,NA,NA,NA,NA,NA,NA,NA,https://www.facebook.com/870563373069579,TRUE,https://instagram.com/syncstore,TRUE,https://twitter.com/SyncStore,TRUE,NA,NA,NA,NA,9.66136E+11,FALSE,NA,NA,http://www.sync.sa,TRUE,NA,NA,NA,NA
299,ba606097-1058-4050-aac1-eb380557dd64,88e623b2-681f-48de-93e9-90a480258a79,مؤسسة فهد مروان وردي التجارية,FMW Trading,"مؤسسة فهد مروان وردي متخصصة في استيراد و  وكلاء البيع للاثاث والسلع والاجهزة المنزلية، المشغولات اليدوية المتنوعة، وبيع وتركيب معدات وادوات الفنادق والمطاعم والمطابخ. بالجملة والتجزئة.

FMW Trading. is a Saudi Organization that was founded in 2016, by Fahad M Wardi. ‘FMW“ is  striving to selling Unique Products to most satisfied customers with the best quality, customer services and prices in our Market. We are Focusing on Importing the finest quality products that are made by the most well known professional and trusted manufacturers around the globe. ",0,0,9YWaOu/SjDZ3ScpIjn8SJg==,Gold,أخرى,Other,متجر إلكتروني,4650226375,مؤسسة فهد مروان وردي التجارية,FALSE,0,0,لم يقم التاجر بإضافة سياسة للاستبدال والاسترجاع,fmw@fmwtrading.com,,570001057,FALSE,NA,منطقة مكة المكرمة,NA,FALSE,https://maroof-prod.ruh-s3.bluvalt.com/host/97cabcd2-e649-4991-adbf-c2c1727d83e3.png,NA,NA,NA,NA,NA,NA,NA,NA,NA,NA,NA,NA,NA,NA,NA,NA,..https://instagram.com/fmwtrad,TRUE,https://twitter.com/FMWTrading,TRUE,NA,NA,NA,NA,NA,NA,NA,NA,http://www.fmwtrading.com,TRUE,NA,NA,NA,NA
333,5b6613a1-3a46-4c49-a26b-ae7d05067962,58c48eaa-7d50-4b82-81eb-b229137f53eb,كيك وتارت,Cake and Tart,"معمل ومحل حلويات بادارة نسائية
لعمل ألذ الحلويات الغربية بجودة عالية 
نجدد منتجاتنا كل فترة باضافة الاصناف المشهورة عالميا
أشهر منتجاتنا:
تارت التمر / تارت اللوتس / تارت البيكان / تارت الجالكسي / تارت الفستق
كيكة التمر / كيكة السينابون / كيكة الجزر/ البسبوسة المحشية / كيكات الحليب
الموقع : الدمام / حي المزروعية /شارع الملك سعود
",0,0,D8Zp7RulD4GubJub2/UDvQ==,Gold,أطعمة ومشروبات,FoodAndDrinks,متجر إلكتروني,2050219654,مقهى كيك و تارت لتقديم المشروبات,FALSE,0,0,لم يقم التاجر بإضافة سياسة للاستبدال والاسترجاع,abady1981@yahoo.com,,545887799,FALSE,NA,المنطقة الشرقية,NA,FALSE,https://maroof-prod.ruh-s3.bluvalt.com/host/441a5576-e832-4a91-a5b6-a14e1ba0d5ab.jpg,مطبخ ومخبوزات,KitchenAndBakery,NA,NA,NA,NA,NA,NA,NA,NA,NA,NA,NA,NA,NA,NA,https://instagram.com/cake_tart_,TRUE,NA,NA,NA,NA,NA,NA,NA,NA,NA,NA,NA,NA,NA,NA,NA,NA
350,d52a0d8d-3e5d-4813-b924-abb3bcb881a6,0b4fe3a9-8920-4e9c-8441-199828fda6c7,بصمة نون,B9mat noon,"متجر الكتروني لتصاميم الأعمال اليدوية 
 رسم وكتابة لتصاميم على الملابس والمخدات والدفاتر بالاضافة لصناعة مباخر وحافظات  وفواصل كتب واكسسوارات وغيرها من الأعمال اليدوية",5,1,QQafHgVJupqhtOi6lf6I+w==,Silver,هدايا,Gifts,متجر إلكتروني,NA,NA,TRUE,0,0,منتجات تصنع يدويًا بالطلب,nadastore1@gmail.com,,599107715,FALSE,جدة,منطقة مكة المكرمة,NA,TRUE,https://maroof-prod.ruh-s3.bluvalt.com/host/ce9f9d38-f828-4bec-ab1e-c8dc5c467221.jpeg,الحرف والصناعات اليدوية,CraftsAndHandicrafts,68cf0a0e,Active,2022-07-21,2023-07-21,https://freelance.sa/certificate-validation/certificate-validation-details/68cf0a0e,صانع المشغولات اليدوية,إنتاج المنتجات اليدوية والحرفية غير المتوارثة,21558,NA,NA,NA,NA,NA,NA,https://instagram.com/nadaag_store,TRUE,NA,NA,NA,NA,NA,NA,9.66599E+11,FALSE,NA,NA,http://www.nadastore.wordpress.com,TRUE,NA,NA,NA,NA
362,63fcf8fa-07a4-49db-b1be-0fc8171d1181,cebe2618-5bc0-48ce-ba0c-1b8fa29f2a14,بيت الأواني,baitalawani,"متجر مختص في الاواني المنزلية و كماليات المنزل كما يوفر أدوات الرحلات باسعار مناسبه 
",5,2,OQsLNeynaf4BUssRaPwVhg==,Gold,خدمات الأعمال,BusinessServices,متجر إلكتروني,1132103037,مؤسسة بيت الاواني التجارية,FALSE,2,7,"الاسترجاع خلال 2 يومين
الاستبدال 7 ايام",info@utensilsh.com,,500770606,FALSE,الرس,منطقة القصيم,NA,TRUE,https://maroof-prod.ruh-s3.bluvalt.com/host/98aadaca-79ff-4187-8abf-81818392a67e.png,متاجر إلكترونية,OnlineStores,NA,NA,NA,NA,NA,NA,NA,NA,NA,NA,NA,NA,NA,NA,https://instagram.com/bait_alawani,TRUE,https://twitter.com/utensils_house,TRUE,NA,NA,NA,NA,9.66501E+11,FALSE,NA,NA,https://baitalawani.sa/,TRUE,NA,NA,NA,NA
412,6b883671-8c46-40d1-9c23-00d263b70d48,4e427f23-e912-4552-9d1f-5edf13291df8,بابك,Baabek,أول سوبر ماركت الكتروني في الدمام. نوصل احتيجاتك الى بابك بسرعة وسهولة. الدفع نقداً أو بالبطاقة عند الأستلام. خدمة توصيل طلبات المواد غذائية والخبز ومنتجات الألبان والبيض والمشروبات والحلويات والتسالي ومنتجات العناية الشخصية ومستلزمات العناية بالمنزل والعناية بالطفل.,4.71,7,5zYACqcfqF98ZW1mPmfJ5Q==,Gold,خدمات الأعمال,BusinessServices,متجر إلكتروني,2050209944,مؤسسة بابك الرقمية للتجارة,FALSE,0,0,لم يقم التاجر بإضافة سياسة للاستبدال والاسترجاع,support@baabek.sa,,562228866,FALSE,NA,المنطقة الشرقية,NA,FALSE,https://maroof-prod.ruh-s3.bluvalt.com/host/8b1c1302-b0f6-45b6-b517-b0c5b929dbe8.jpeg,متاجر إلكترونية,OnlineStores,NA,NA,NA,NA,NA,NA,NA,NA,NA,NA,NA,NA,NA,NA,https://instagram.com/baabeksa,TRUE,https://twitter.com/baabeksa,TRUE,NA,NA,NA,NA,NA,NA,NA,NA,https://baabek.sa,TRUE,NA,NA,NA,NA
417,1d8e9b46-c35f-48f7-872e-3c96e6982a6b,26609ab4-d5ab-4e6a-b196-b11592eb6592,متجر واي فاي,WifiStore,"براند سعودي متخصص بعرض المنتجات الذكية و الرهيبة

ضمان لمدة سنتين ، وتوصيل سريع خلال يوم إلى ٣ أيام ",4.59,22,RP9dPjUWM6pSXaM/7biyDw==,Gold,إلكترونيات,Electronics,متجر إلكتروني,1010755252,مؤسسة احمد فهد عبدالله العوفي للتجارة,FALSE,14,14,"سياستنا في الاسترجاع خلال 14 يوم يحق لك استرجاع أي منتج بشرط أن يكون بحالته الأصلية ولم تفتح محتوياته

بمجرد استلام وفحص المنتج المُعاد ، سنقوم بإرسال رسالة بريد إلكتروني أو رسالة نصية لاعلامك بأننا قد تلقينا المنتج وسنوافيك بتفاصيل إعادة الأموال

ستكون مسؤولًا عن دفع تكاليف إرسال المندوب اليك لاستلام المنتجات المطلوب استردادها
عند استلام المنتجات المسترجعه والبدء بإجراءات استرداد الأموال سيتم خصم قيمة التوصيل و قيمة المعاملة الإلكترونية لدى البنك أو STC Pay من القيمة الإجمالية لطلبك


الاستبدال
خلال 14 يوم يحق لك إستبدال المنتج بأي منتج آخر، وإن كانت قيمة المنتج الذي تم إستبداله أعلى من قيمة طلبك سيتم إسترداد المتبقي من القيمة الى حسابك
وإن كانت أكثر ستقوم بدفع فارق السّعر قبل خروج المنتج الجديد من مستودعاتنا
ستكون مسؤولًا عن دفع تكاليف الشحن الخاصة بك لإسترجاع المنتج المُراد إستبداله وكذلك قيمة الشحن للمنتج الجديد الذي تم إستبداله بالقديم
",info@wifi.sa,,547426314,FALSE,الرياض,منطقة الرياض,الساقية,TRUE,https://maroof-prod.ruh-s3.bluvalt.com/host/be7dac6e-e46a-4c36-ab83-ae35d869cecf.png,إلكترونيات و إكسسوارات,ElectronicsAndAccessories,NA,NA,NA,NA,NA,NA,NA,NA,NA,NA,NA,NA,NA,NA,https://instagram.com/wifi.ksa,TRUE,https://twitter.com/wifi_SAUDI,TRUE,NA,NA,NA,NA,NA,NA,NA,NA,https://wifi.sa,TRUE,NA,NA,NA,NA
418,038f9b67-ca52-4dde-a605-49affedb4d28,96aaa4ed-0139-4233-bfd4-093d5082e6f5,البيان الخليجي للتخليص الجمركي,Gulf Bayan for Custom Clearanc,أعمال تخليص جمركي في ميناء الملك عبدالعزيز بالدمام,0,0,qr117akdicO78FgV35GXbA==,Gold,أخرى,Other,متجر إلكتروني,2050097367,مؤسسة البيان الخليجي للتخليص الجمركي,FALSE,0,0,لم يقم التاجر بإضافة سياسة للاستبدال والاسترجاع,Gulfbayan@gmail.com,,506852433,FALSE,NA,المنطقة الشرقية,NA,FALSE,https://maroof-prod.ruh-s3.bluvalt.com/host/d2ffb7b1-6936-458e-81b8-66e5a6d9bf78.jpeg,NA,NA,NA,NA,NA,NA,NA,NA,NA,NA,NA,NA,NA,NA,NA,NA,NA,NA,NA,NA,NA,NA,NA,NA,NA,NA,NA,NA,NA,NA,NA,NA,NA,NA
445,7ca1130a-961f-4d38-ab9f-b9e05b55ab61,ecf09de9-8bac-47ed-9632-5bed485f4623,متجر نبتة ظليل,plant thlyl,"متجر متخصص بتوفير النباتات الداخلية

",0,0,2+uhcomAu3QkGxNlEIvAnQ==,Silver,أخرى,Other,متجر إلكتروني,NA,NA,TRUE,0,0,لا يمكن الاستبدال او الاسترجاع وفقاً لطبيعة المنتج أو الخدمة المقدمة,435103735m@gmil.com,,569165759,FALSE,الرياض,منطقة الرياض,الطاهرة,TRUE,https://maroof-prod.ruh-s3.bluvalt.com/host/ac38faa4-120a-401a-8800-168fdfa883f0.JPG,NA,NA,FL-480459337,Active,2022-12-06,2023-12-06,https://freelance.sa/certificate-validation/certificate-validation-details/FL-480459337,بائع أزهار وورود,سلع أخرى,27744,NA,NA,NA,NA,NA,NA,https://instagram.com/mu19u,TRUE,NA,NA,NA,NA,NA,NA,NA,NA,NA,NA,NA,NA,NA,NA,NA,NA
464,7b445249-940c-4b84-9cf9-7ee12cc8c2bf,fcac70c4-2a04-470c-96a2-b29f2410c6e4,المصور عبدالله اسطنبولي,ABDULLAH ESTNBOLI photographer,"مصور فوتوغرافي محترف بالمنطقة الشرقية الدمام،الخبر،الأحساء،الجبيل ومايجاورها  تجدون أعمالي على حسابي بالأنستقرام",04.09,11,58g3RtqWmHgcdNyyl/GlYQ==,Silver,خدمات الأعمال,BusinessServices,متجر إلكتروني,NA,NA,TRUE,0,0,لم يقم التاجر بإضافة سياسة للاستبدال والاسترجاع,Es6nboli@gmail.com,,581899666,TRUE,الدمام,المنطقة الشرقية,,FALSE,https://maroof-prod.ruh-s3.bluvalt.com/host/7f887427-cf4b-42c0-a5f2-fe02cdc0ae48-storeImage.jpg,تصوير,Photography,FL-515175771,Active,2023-10-22,2024-10-22,https://freelance.sa/certificate-validation/certificate-validation-details/FL-515175771,التصوير الفوتوغرافي,الفنون والترفية,60195,NA,هجر,575,NA,NA,NA,https://instagram.com/estnboli,TRUE,NA,NA,NA,NA,NA,NA,NA,NA,NA,NA,NA,NA,NA,NA,NA,NA
468,fed10132-3c84-490c-b933-6f1da620a537,631a93a6-ed56-484d-9044-9216a243075f,أسطورة  المسك,ostorat almsk,"مدربة سعوديه متخصصه في تركيب العطور اغلب التركيباتنا مركبه فيها مسك
متوفر عطور فرنسيه وشرقيه- معطرات للجو وعطور رجالي ونسائي والأطفال-مخمريات-كريمات للجسم-مزيل عرق طبيعي
نوفر عطور توزيعات",5,3,9e5UG22zz1+JGJQ30u/D6w==,Gold,الجمال والصحة,BeautyAndHealth,متجر إلكتروني,1010401974,مؤسسة أسطورة المسك للتجارة والتسويق,FALSE,0,0,لم يقم التاجر بإضافة سياسة للاستبدال والاسترجاع,ostorat.almsk@gmail.com,,597181114,FALSE,NA,منطقة الرياض,NA,FALSE,https://maroof-prod.ruh-s3.bluvalt.com/host/d0fd1387-3d55-4567-ab0b-d0b1a7b86c9d.jpg,مستلزمات المرأة,WomenNecessities,NA,NA,NA,NA,NA,NA,NA,NA,NA,NA,NA,NA,NA,NA,https://www.instagram.com/ostorat_almsk,TRUE,https://twitter.com/ostorat_almsk,TRUE,NA,NA,NA,NA,NA,NA,NA,NA,https://www.snapchat.com/add/ostorat_almsk,TRUE,NA,NA,NA,NA
470,71d881a8-26d9-4bb4-9868-1c0b3dcc54e9,fa6dfb47-40e0-4db0-823d-3ed98f93bbe3,رنكين ستوديو,RUNKENstudio,"رنگين تصنع الفرق في التطوير الدعائي وصناعة الهويات التجارية والشعارات
للتواصل
 Sales@RUNKENstudio.net
وفي كل مكان @RUNKENstudio",5,3,0szO/MGrygM538mdHr4+Qw==,Gold,خدمات الأعمال,BusinessServices,متجر إلكتروني,1128122843,مؤسسة التفرد الإبداعي للدعاية والاعلان,FALSE,0,0,لم يقم التاجر بإضافة سياسة للاستبدال والاسترجاع,Sales@RUNKENstudio.net,,544818886,FALSE,NA,منطقة القصيم,NA,FALSE,https://maroof-prod.ruh-s3.bluvalt.com/host/bfd4bb8a-b7bb-4c38-8c53-bb0864dad76c.png,تصميم وطباعة,DesignAndPrint,NA,NA,NA,NA,NA,NA,NA,NA,NA,NA,NA,NA,NA,NA,https://instagram.com/runkenstudio,TRUE,https://twitter.com/RUNKENstudio,TRUE,NA,NA,NA,NA,NA,NA,NA,NA,http://www.runkenstudio.net,TRUE,NA,NA,NA,NA
472,ad12c4df-bcd3-418a-8d6f-9c4e5c3eb313,b68ba3ad-fc1a-40f3-a29c-688a3aac12a6,سناك هوب,Snack Hub,"متجر سعودي مختص بالوجبات الخفيفة بجودة عالية واسعار تنافسية
شحن لجميع مناطق المملكة",5,8,CYMZEGO2fT1Ew2XI9JmeHw==,Gold,خدمات الأعمال,BusinessServices,متجر إلكتروني,2251065093,شركة اصول الامتياز,FALSE,7,7,"
سياسة الاسترجاع والاستبدال
نوفر سياسة استرجاع واستبدال مريحة لكل دول الخليج
بإمكان العميل استبدال المنتج خلال ١٤ يوم من تاريخ التوصيل في حال كان العميل غير راضيًا تمام الرضى",msbu50@gmail.com,,560236266,FALSE,الاحساء,المنطقة الشرقية,شارع فندق الهفوف,TRUE,https://maroof-prod.ruh-s3.bluvalt.com/host/1511e19e-db2b-4b4f-a5eb-090db66a2dc6.jpeg,متاجر إلكترونية,OnlineStores,NA,NA,NA,NA,NA,NA,NA,NA,NA,NA,NA,NA,NA,NA,https://instagram.com/snackhubsa,TRUE,https://twitter.com/snackhubsa,TRUE,NA,NA,NA,NA,9.6656E+11,FALSE,NA,NA,http://www.snackhubsa.com,TRUE,NA,NA,NA,NA
478,a815f2c8-0f66-474a-bf3c-4c13adb7c08d,585d6205-fd33-46c0-94fb-16520d1a121a,المتجر الفني,almtjralfny,"موقع المتجر الفني من أشهر المواقع الالكترونية  التي نقدم افضل المنتجات الالكترونية في الخليج العربي .

يشرف عليه طاقم مميز من الشباب السعودي المتخصص الذي يسافر حول العالم بحثًا عن أفضل المنتجات والماركات العالمية. انطلق في عام 2016



يتميز المتجر الفني بعدة مميزات عن غيره من المتاجر الإلكترونية:



1. منتجات أصلية وموثوقة

2. ننوع طرق الدفع وأكثرها سهولة الدفع عند الاستلام

3. خاصية الاستبدال والاسترجاع المجاني

4. التوصيل السريع لجميع مدن المملكة،

5. يتم السفر لكافة أنحاء العالم والتحقق من جودتها وملائمتها للمجتمعات السعودية .

6. إضافة المزيد من الماركات غير المتوفرة في السوق السعودي بشكل دائم ومستمر، ومعرفة رغبات العملاء من المنتجات المختلفة.

7. خدمة عملاء مميزة وسريعة.",2.84,19,AxshTLf+jXEt1SgXVvOFjg==,Gold,إلكترونيات,Electronics,متجر إلكتروني,1010552268,مؤسسة المتجر الفني للاتصالات,FALSE,0,0,لم يقم التاجر بإضافة سياسة للاستبدال والاسترجاع,support@almtjralfny.com,,506671719,FALSE,الرياض,منطقة الرياض,الامير بندر بن عبدالعزيز,FALSE,https://maroof-prod.ruh-s3.bluvalt.com/host/97a5f44a-e9ce-4e01-959a-8d13da2559db.jpg,إلكترونيات و إكسسوارات,ElectronicsAndAccessories,NA,NA,NA,NA,NA,NA,NA,NA,NA,NA,NA,NA,NA,NA,..https://instagram.com/almtjral,TRUE,https://twitter.com/almtjralfny,TRUE,NA,NA,NA,NA,9.66507E+11,FALSE,NA,NA,http://almtjralfny.com/,TRUE,NA,NA,NA,NA
480,2edee378-e6bf-436a-a13d-0c6f47301377,7712fab0-73a8-44fd-95ce-fd6f6642f569,شركة تحالف النخبة,NA,بالسعودية,1,1,3rbFzXmtAOGum6qxL1cHdw==,Gold,السيارات,Cars,متجر إلكتروني,1010386601,شركة تحالف النخبة للسيارات,TRUE,0,0,لا يمكن الاستبدال او الاسترجاع وفقاً لطبيعة المنتج أو الخدمة المقدمة,x@gmail.com,,500000000,FALSE,الرياض,منطقة الرياض,NA,TRUE,https://maroof-prod.ruh-s3.bluvalt.com/host/a296659e-d9e7-4687-a829-c0f396be27f3.png,أخرى,Other,NA,NA,NA,NA,NA,NA,NA,NA,NA,NA,NA,NA,NA,NA,NA,NA,https://twitter.com/EliteAutoKSA,TRUE,NA,NA,NA,NA,NA,NA,NA,NA,NA,NA,NA,NA,NA,NA
485,307fd801-9f6d-47da-8240-220ac852af98,17ea7301-683a-47c1-aa24-a9bf32e9b77c,نظارات 24,24Frame,#نظارات_24  الماركة السعودية الاولى في عالم النظارات . جودة عالية وتصاميم راقية . وباسعار مناسبة للجميع . متوفرة حاليا للطلب من متجرنا الالكتروني بالانستغرام و متوفره ايضا بفروع صندوق النظارات بالمدينة المنورة . ويمكن الطلب واتس 0550352200 . التوصيل مجانا لكافة مدن المملكة,0,0,1wiI+DBx0p79bIi763lgnA==,Gold,خدمات الأعمال,BusinessServices,متجر إلكتروني,4650056175,مؤسسة صندوق النظارات للتجارة,FALSE,0,0,لم يقم التاجر بإضافة سياسة للاستبدال والاسترجاع,optical24co@hotmail.com,,550352200,FALSE,NA,منطقة المدينة المنورة,NA,FALSE,NA,متاجر إلكترونية,OnlineStores,NA,NA,NA,NA,NA,NA,NA,NA,NA,NA,NA,NA,NA,NA,NA,NA,https://twitter.com/24optical,TRUE,NA,NA,NA,NA,NA,NA,NA,NA,NA,NA,NA,NA,NA,NA
489,ad829ec6-f457-45d7-a596-ce8ada0ff2ca,32530291-790a-4cbb-9728-38c1d8e87814,فنون الجواهر,Art jewellery1,"بيع و صياغة جميع انواع الذهب و الفضه حسب طلب الزبون 
1.خواتم 
2.دبل
3.اساور
4.تعليقات 
5.حلق
6.ميداليات
7.سبح
8.اقلام
9.كبكات
جميع منتجاتنا من الفضه الخالص و الذهب عيار 18 و عيار 21 حسب طلب الزبون                                                                      للطلب واتس 0541421320",5,1,Hc4ViBdIvTGL0fIqdEwwlA==,Gold,خدمات الأعمال,BusinessServices,متجر إلكتروني,4030604326,مؤسسة علاء نبيل يوسف نجار للتجارة,FALSE,0,0,لم يقم التاجر بإضافة سياسة للاستبدال والاسترجاع,art_jewellery1@hotmail.com,,541421320,FALSE,NA,منطقة مكة المكرمة,NA,FALSE,https://maroof-prod.ruh-s3.bluvalt.com/host/b0400068-77bd-484b-97b6-1cde0cc1c643.jpg,متاجر إلكترونية,OnlineStores,NA,NA,NA,NA,NA,NA,NA,NA,NA,NA,NA,NA,NA,NA,https://www.instagram.com/art_jewellery1,TRUE,https://twitter.com/Art_jewellery1,TRUE,NA,NA,NA,NA,NA,NA,NA,NA,www.artjewellery1.com,TRUE,NA,NA,NA,NA
495,4ac86711-b00b-4448-8cf1-a65df56ab907,b9894871-5eb2-45f1-8980-072c6fe87b72,مركز روائع,Rwaee center,متجر لبيع مستلزمات المنزل والاسرة والكماليات,4.88,8,mHl0S6Wx5C7ugYfS/rASPg==,Gold,خدمات الأعمال,BusinessServices,متجر إلكتروني,4032036946,مؤسسة روائع المشتريات التجارية,FALSE,1,7,"عدم الإخلال  بأحكام الضمان الاتفاقية والنظامية، يحق للمستهلك استبدال المنتج المقدّم إليه من المتجر خلال السبعة الأيام التالية لتاريخ استلام المنتج ولا يحق له استبدال المنتج بعد مرور السبعة أيام
يشترط لاستبدال المنتج أن يكون المنتج بحالة سليمة وألا يكون المستهلك قد استخدم المنتج أو حصل على منفعته، ويحق للمتجر معاينة المنتج قبل استبداله للتأكد من سلامته ويتحمل المستهلك دفع قيمة الشحن في حال أراد استبدال المنتج وفي الاستبدال الدولي يتحمل المستهلك كامل تكاليف الشحن وتسليم المنتج لشركة الشحن وفي حال وجود عيوب أو خطأ سيتم تعويض المستهلك ",Rwaeecenter@gmail.com,,502766851,FALSE,الطائف,منطقة مكة المكرمة,ج40,FALSE,https://maroof-prod.ruh-s3.bluvalt.com/host/670a0416-63fe-48a2-b428-02b88a97e1c9.png,متاجر إلكترونية,OnlineStores,NA,NA,NA,NA,NA,NA,NA,NA,NA,NA,NA,NA,NA,NA,https://instagram.com/rwaeecenter,TRUE,NA,NA,NA,NA,NA,NA,NA,NA,NA,NA,https://rawcen.com/,TRUE,NA,NA,NA,NA
528,ee0dc427-bce1-442c-9c31-254131eb6bc0,6b252152-7a36-4184-beba-da71b63eb60e,انفاس شرقية,anfas sharqya,"
اكسسوارات متنوعة وحصرية وب اسعار مميزه 
نوفر الجملة والتجزئة للتجّار والمتاجر 
ساعات رجالية ونسائية 
شنط نسائية ورجالية بكامل الملحقات 
تتوفر لدينا خدمة التغليف 
التوصيل والشحن لجميع المناطق داخل وخارج المملكة ",0,0,5vK0ju01/9PHWOOJ8MCgRQ==,Gold,الجمال والصحة,BeautyAndHealth,متجر إلكتروني,1010390360,مؤسسة انفاس شرقيه للتجارة,FALSE,7,7,الاستبدال والاسترجاع حسب سياسة المتجر في الموقع والتطبيق,anfas_sharqya@hotmail.com,,540585911,FALSE,NA,منطقة الرياض,NA,FALSE,https://maroof-prod.ruh-s3.bluvalt.com/host/50c80260-4a87-4e1c-8ece-6c382e9b7ac1.jpeg,مستلزمات المرأة,WomenNecessities,NA,NA,NA,NA,NA,NA,NA,NA,NA,NA,NA,NA,NA,NA,https://instagram.com/anfas_sharqya,TRUE,NA,NA,https://apps.apple.com/sa/app/%D8%A3%D9%86%D9%81%D8%A7%D8%B3-%D8%B4%D8%B1%D9%82%D9%8A%D8%A9/id1246363841,TRUE,https://play.google.com/store/apps/details?id=com.mubrmj.anfas,TRUE,9.66558E+11,FALSE,NA,NA,https://anfas-sharqya.com/ar/Home.html,TRUE,NA,NA,NA,NA
530,5613dbb7-68c4-464d-9a55-63261c8487bc,6ad6ffd8-b988-42b4-a9dd-a86dc0a7d5d5,الاستوديو,alestudio,تصوير وطباعة صور فوتوغرافية و فنية وإعادة إنتاج الأعمال الفنية,5,1,woSEVX6L+ahX7R2mSAsVZA==,Gold,خدمات الأعمال,BusinessServices,متجر إلكتروني,2050114506,وكالة الاستوديو للدعاية والاعلان,TRUE,0,0,لا يمكن الاستبدال او الاسترجاع وفقاً لطبيعة المنتج أو الخدمة المقدمة,print@alestudio.com,,555828222,FALSE,الدمام,المنطقة الشرقية,طريق الأمير محمد بن فهد,TRUE,https://maroof-prod.ruh-s3.bluvalt.com/host/3f0b4075-3139-42cb-bf91-d0f5ff9112c4.png,تصميم وطباعة,DesignAndPrint,NA,NA,NA,NA,NA,NA,NA,NA,NA,NA,NA,NA,https://www.facebook.com/alestudio,TRUE,https://instagram.com/_alestudio,TRUE,NA,NA,NA,NA,NA,NA,9.66559E+11,FALSE,NA,NA,http://www.alestudio.com,TRUE,NA,NA,NA,NA
536,15b2dec4-0f4e-4e15-863e-87b2637f1e40,d4a3e78b-3187-4fca-bcb7-4b6bb1835ba6,الهوايات الذهبية للسيارات والتقنية,Golden Hobbies Car Models and Technology,معرض سعودي رسمي يقدم تشكيلة واسعة من مجسمات السيارات لمختلف شركاتها وقسم مختص لسيارات الريموت من أشهر الماركات العالمية وقطع غيارها. عضو الاتحاد السعودي للرياضات اللاسلكية. نعمل من أجلكم منذ 7 مايو 2005م.,5,2,rmnO/GV7b2S9/16GChbPCg==,Gold,السيارات,Cars,متجر إلكتروني,4030174837,مؤسسة الهوايات الذهبية للتجارة,FALSE,0,0,لم يقم التاجر بإضافة سياسة للاستبدال والاسترجاع,gltsa.com@gmail.com,,503685820,FALSE,NA,منطقة مكة المكرمة,NA,FALSE,https://maroof-prod.ruh-s3.bluvalt.com/host/3fab3b54-1393-4954-9650-973c239dbf89.jpeg,أخرى,Other,NA,NA,NA,NA,NA,NA,NA,NA,NA,NA,NA,NA,NA,NA,https://instagram.com/gltsa,TRUE,NA,NA,NA,NA,NA,NA,NA,NA,NA,NA,http://www.GLTSA.com,TRUE,NA,NA,NA,NA
551,b28b0a3d-f11a-4e82-9b9d-22b34a93cd29,40f61844-f767-4a15-8464-59a3113f69a7,بوتيك ٨٣,83 Store,"@83Store
متجر يعشق الإلتزام بهويته المستوحاة من الدمج بين حضارات الشعوب المختلفة والموضة العصرية
يهتم بأزياء المرأة والرجل والطفل
قطعه فريدة من نوعها ، عملية ، ومناسبة للأجواء الجافة.",5,6,rryVPucPOlrHfP3MCIb6hA==,Gold,الجمال والصحة,BeautyAndHealth,متجر إلكتروني,1010325270,مؤسسة ثلاثة وثمانون التجارية,FALSE,0,0,لم يقم التاجر بإضافة سياسة للاستبدال والاسترجاع,info@83store.co,,534344000,FALSE,NA,منطقة الرياض,NA,FALSE,https://maroof-prod.ruh-s3.bluvalt.com/host/9f1a06d0-8084-446a-ae69-bc07e76d8994.jpg,مستلزمات المرأة,WomenNecessities,NA,NA,NA,NA,NA,NA,NA,NA,NA,NA,NA,NA,NA,NA,https://instagram.com/83store,TRUE,https://twitter.com/83store,TRUE,NA,NA,NA,NA,NA,NA,NA,NA,www.83store.co,TRUE,NA,NA,NA,NA
556,9f0d4d73-957e-4755-b702-c5237d5a0021,a125fe45-6b0d-4fd2-b2b8-9aa9a9829aae,العوامي للدعاية والاعلان,Alawami Advertising,عمل كافة انواع الدعاية والاعلان,0,0,lKKlR+OiCH1UF76Z4ZZh9Q==,Gold,خدمات الأعمال,BusinessServices,متجر إلكتروني,2063606487,وكالة محمد عبدالله بن سلمان العوامي للدعاية والاعلان,TRUE,0,0,لا يمكن الاستبدال او الاسترجاع وفقاً لطبيعة المنتج أو الخدمة المقدمة,alawami.group@gmail.com,,564802414,FALSE,صفوى,المنطقة الشرقية,علي بن ابي طالب,FALSE,https://maroof-prod.ruh-s3.bluvalt.com/host/d3d96a60-9f11-4eee-a68b-8d43bb5d627f.jpg,تصميم وطباعة,DesignAndPrint,NA,NA,NA,NA,NA,NA,NA,NA,NA,NA,NA,NA,NA,NA,https://instagram.com/alawami.advertising,TRUE,NA,NA,NA,NA,NA,NA,9.66565E+11,FALSE,NA,NA,https://awamigroup.com/,TRUE,NA,NA,NA,NA
568,4c2aae3f-a453-422a-bb47-510d17992032,5a7f11d3-f275-4a72-a25a-d128281699e4,قطع واكسسوارات سيارات,part and accessories for car,بيع اكسسوارات السيارات,4.2,5,GehBRadqOJB3H25BNCmqIA==,Gold,السيارات,Cars,متجر إلكتروني,1010780684,شركة اكنان العربه للتجارة,FALSE,3,7,"يشترط لاستبدال المنتج أن يكون المنتج بحالة سليمة وألا يكون المستهلك قد استخدم المنتج أو حصل على منفعته، ويحق للمتجر معاينة المنتج قبل استبداله للتأكد من سلامته ويتحمل المستهلك دفع قيمة الشحن في حال أراد استبدال المنتج وفي الاستبدال الدولي يتحمل المستهلك كامل تكاليف الشحن وتسليم المنتج لشركة الشحن وفي حال وجود عيوب أو خطأ سيتم تعويض المستهلك",srt.300@hotmail.com,,504187040,FALSE,الرياض,منطقة الرياض,NA,TRUE,https://maroof-prod.ruh-s3.bluvalt.com/host/0609afb6-f30d-4105-bf19-a228ac00deca.jpg,أخرى,Other,NA,NA,NA,NA,NA,NA,NA,NA,NA,NA,NA,NA,NA,NA,https://instagram.com/aknanauto,FALSE,NA,NA,NA,NA,NA,NA,9.66504E+11,FALSE,NA,NA,https://aknanauto.com/,TRUE,NA,NA,NA,NA
612,13c553d3-c479-4abc-b544-66602031200e,0e97e96d-6083-4cfb-983a-b41c6aa5687d,الصورة الحية للانتاج الإعلامي,Live Picture media production,"إنتاج إعلامي 
أفلام - برامج - تصوير فوتوغرافي 
يتوفر فريق نسائي",0,0,ZTUeMqXwXYAFKeqYZf42Bg==,Gold,خدمات الأعمال,BusinessServices,متجر إلكتروني,1010383886,مؤسسة الصورة الحية للإنتاج الإعلامي المرئي والمسموع,FALSE,0,0,لم يقم التاجر بإضافة سياسة للاستبدال والاسترجاع,Ali@livepicture.sa,,595959099,FALSE,NA,منطقة الرياض,NA,FALSE,https://maroof-prod.ruh-s3.bluvalt.com/host/ffde5ec4-33d8-43df-bcdd-44f8237b8c27.jpeg,تصوير,Photography,NA,NA,NA,NA,NA,NA,NA,NA,NA,NA,NA,NA,NA,NA,https://instagram.com/livepicture_sa,TRUE,NA,NA,NA,NA,NA,NA,NA,NA,NA,NA,http://www.livepicture.sa,TRUE,NA,NA,NA,NA
619,eba143a9-ac58-4865-a7be-d8d196ca8083,6a5056a3-a507-49dc-879c-d5c93f3447c3,انظمة التتبع لتقنية المعلومات,Trakingsystems,شركة متخصصة في مجال تتبع المركبات والآفراد وتقديم حلول آدارة الآساطيل,4.67,3,0rKsq7ItjTXGmqpwAI4BvQ==,Gold,خدمات الأعمال,BusinessServices,متجر إلكتروني,1010299589,شركة انظمه التتبع لتقنيه المعلومات شركة شخص واحد,FALSE,5,7,"سياسة الإرجاع و الأستبدال
عزيزي العميل نود أفادتكم بأن إرجاع أو أستبدال أى منتج غير مرغوب فيه و غير مستخدم سنكون سعداء لتلبية رغباتكم فى الشركة برجاء مراجعة سياسة الأستبدال و الإرجاع لدينا
إلغاء الطلب
إلغاء الطلب من قبل انظمة التتبع  تحتفظ بحق إلغاء الطلب لأي سبب من الأسباب التالية
فشلت عملية الدفع
",info@traking-systems.com,,544794000,FALSE,الرياض,منطقة الرياض,الملك عبدالله بن عبدالعزيز,FALSE,https://maroof-prod.ruh-s3.bluvalt.com/host/c9d01ccf-127a-4112-b6ef-5489a1887047.jpg,حلول إلكترونية,ElectronicSolutions,NA,NA,NA,NA,NA,NA,NA,NA,NA,NA,NA,NA,NA,NA,NA,NA,NA,NA,NA,NA,NA,NA,9.66545E+11,FALSE,NA,NA,http://Www.traking-systems.com,TRUE,NA,NA,NA,NA
630,34dabb79-6fbf-41d5-8cfc-ca474b582a6e,e064d7a8-73ca-4270-b9c6-b75f27c2f941,الرودة الشرقية,,الوردة الشرقية,0,0,HiSPViOeGU4lt1WHvT8Vwg==,Gold,حفلات,Occasions,متجر إلكتروني,1010168264,شركة قصر الانجاز لاجهزة الاطفاء,FALSE,1,4,بعد اربع ايام,abalamer@thiqah.sa,,503440470,FALSE,NA,منطقة مكة المكرمة,NA,FALSE,NA,تنسيق مناسبات وحفلات,CoordinationEventsAndOccasions,NA,NA,NA,NA,NA,NA,NA,NA,NA,NA,NA,NA,NA,NA,https://instagram.com/aazalamer,TRUE,https://twitter.com/marouf_moc,TRUE,NA,NA,NA,NA,NA,NA,NA,NA,NA,NA,NA,NA,NA,NA
631,f599cdc5-e711-48ba-a47f-0df0bc1787b0,ec58af29-f3e3-444d-bf90-075a78a06a9b,روائع شبابيات,shababiat,يمنح روائع شبابيات عملاءه تجربة تسوق سهلة وممتعة وذلك من خلال مواكبة آخر صيحات الموضة العالمية وعرض أحدث المنتجات اضافة الى خدمات عملاء من أعلى المستويات يوفر روائع شبابيات خدمة التوصيل لجميع مدن المملكة و خدمة استبدال المشتريات متخصصون ببيع الملابس الرجالية والاحذية,5,4,//25xbgoIrvS5/62aIebDw==,Gold,خدمات الأعمال,BusinessServices,متجر إلكتروني,5855052805,مؤسسة روائع شبابيات التجارية,FALSE,7,7," سياسة الاستبدال
 مع عدم الإخلال بأحكام الضمان الاتفاقية والنظامية، يحق للمستهلك استبدال المنتج المقدّم إليه من المتجر خلال السبعة الأيام التالية لتاريخ استلام المنتج، ولا يحق له استبدال المنتج بعد مرور السبعة أيام
يشترط لاستبدال المنتج أن يكون المنتج بحالة سليمة وألا يكون المستهلك قد استخدم المنتج أو حصل على منفعته، ويحق للمتجر معاينة المنتج قبل استبداله للتأكد من سلامته ويتحمل المستهلك دفع قيمة الشحن في حال أراد استبدال المنتج وفي الاستبدال الدولي يتحمل المستهلك كامل تكاليف الشحن وتسليم المنتج لشركة الشحن وفي حال وجود عيوب أو خطأ سيتم تعويض المستهلك 
 سياسة الاسترجاع
 مع عدم الإخلال بأحكام الضمان الاتفاقية والنظامية، يحق للمستهلك فسخ العقد واسترجاع المنتج المقدّم إليه من المتجر خلال السبعة الأيام التالية لتاريخ استلام المنتج ، ولا يحق له ذلك المنتج بعد مرور السبعة أيام
 يشترط لاسترجاع المنتج أن يكون المنتج بحالة سليمة وألا يكون المستهلك قد استخدم المنتج أو حصل على منفعته، ويحق للمتجر معاينة المنتج قبل استرجاعه للتأكد من سلامته
",r.shababiat@gmail.com,,502003040,FALSE,خميس مشيط,منطقة عسير,NA,FALSE,https://maroof-prod.ruh-s3.bluvalt.com/host/7ec5ebbe-60fc-4fd6-992c-0e8023cc55d4.jpeg,متاجر إلكترونية,OnlineStores,NA,NA,NA,NA,NA,NA,NA,NA,NA,NA,NA,NA,https://www.facebook.com/1695945280684819,TRUE,https://instagram.com/r_shababiat,TRUE,NA,NA,NA,NA,NA,NA,9.66502E+11,FALSE,NA,NA,NA,NA,NA,NA,NA,NA
653,a897199b-9791-428e-ad4d-ddba7e871435,1b34d1de-7967-4103-9012-0828d66ad341,الصاروخ,The Rocket,"للدعاية والإعلان وإدارة الحملات التسويقية والحملات الدعائية وغيره

تخصصنا الرئيس
تويتر + جوجل

نعلن منذ 2012 حتى الآن ، سنوات من الخبرة بالإعلان",0,0,3K6FS+lYByXRpwB5/xPRqw==,Gold,خدمات الأعمال,BusinessServices,متجر إلكتروني,2051060745,مؤسسة فواز عبدالعزيز الجعفر التجارية,FALSE,0,0,لم يقم التاجر بإضافة سياسة للاستبدال والاسترجاع,Sarou5@live.com,,507600078,FALSE,NA,المنطقة الشرقية,NA,FALSE,https://maroof-prod.ruh-s3.bluvalt.com/host/30109199-66cd-4421-9c48-cd117ee0441b.jpg,متاجر إلكترونية,OnlineStores,NA,NA,NA,NA,NA,NA,NA,NA,NA,NA,NA,NA,NA,NA,NA,NA,https://twitter.com/TheRocketAD,TRUE,NA,NA,NA,NA,NA,NA,NA,NA,http://therocketad.com,TRUE,NA,NA,NA,NA
669,09d654fb-5b94-4f6b-8287-718e847c2cfa,2e61399b-7402-4447-836c-f584229848dd,متجر نانو,Nano eShop,متجر إلكتروني سعودي نبيع الهواتف الذكية والأجهزة اللوحية وألعاب البلايستيشن واكس بوكس واكسسواراتها بأسعار مغرية والتوصيل لجميع مدن المملكة ابتداء بريال,4.64,389,R7M+3/mBH3VE9P5Xjk5hfg==,Gold,خدمات الأعمال,BusinessServices,متجر إلكتروني,4030243194,مؤسسة ريان عبدالقادر احمد المغربي للتجارة,FALSE,0,0,لم يقم التاجر بإضافة سياسة للاستبدال والاسترجاع,sales@nano-eshop.com,,591821173,FALSE,NA,منطقة مكة المكرمة,NA,FALSE,https://maroof-prod.ruh-s3.bluvalt.com/host/bed3c5d6-4a85-4ae9-995d-468d017657bd.jpeg,متاجر إلكترونية,OnlineStores,NA,NA,NA,NA,NA,NA,NA,NA,NA,NA,NA,NA,NA,NA,https://instagram.com/nano_eshop,TRUE,https://twitter.com/Nano_eShop,TRUE,NA,NA,NA,NA,NA,NA,NA,NA,http://www.nano-eshop.com,TRUE,NA,NA,NA,NA
677,e22ac430-ee01-485e-b867-475537a17da7,88046c4b-c3cb-46ab-ade6-db5229a08250,الدش المعالج,therapy shower,"الدش المعالج بالنكهات ( ليمون ، لافندر ، توت ، كرز ، عود ، فانيلا ) يعقم الماء من الكلور ويضيف الكولاجين والفيتامين سي مع ترشيح الماء من الشوائب للحفاظ على صحة الشعر والبشرة من الاساس",0,0,FMpa4wA9QXhfr4/WD4mNmw==,Gold,الجمال والصحة,BeautyAndHealth,متجر إلكتروني,4030322430,شركة الماء المعالج للتجارة شركة شخص واحد,FALSE,0,0,لم يقم التاجر بإضافة سياسة للاستبدال والاسترجاع,info@therapyshowersa.com,,536010185,FALSE,NA,منطقة مكة المكرمة,NA,FALSE,https://maroof-prod.ruh-s3.bluvalt.com/host/b563c717-4845-45ba-b717-e6c1c79f5eda.png,مستلزمات المرأة,WomenNecessities,NA,NA,NA,NA,NA,NA,NA,NA,NA,NA,NA,NA,https://www.facebook.com/app_scoped_user_id/570204079804537/,TRUE,https://www.instagram.com/waters_therapy_shower,TRUE,https://twitter.com/waters_therapy,TRUE,NA,NA,NA,NA,NA,NA,NA,NA,http://www.therapyshowersa.com,TRUE,NA,NA,NA,NA
695,49be5012-6b70-4ade-be09-4829001c1462,037deb7b-f7ff-44f2-9e32-2e339996ee9a,مؤسسة شمس التصميم,NA,خدمات التصميم والطباعة اونلاين تصميم شعارات تصميم هوية بصرية تصميم المطبوعات بأنواعها تصميم منشورات مواقع التواصل تتوفر خدمة الطباعة والشحن داخل السعودية,4.92,12,poYuMC1KC0vDUbR3VTmfvg==,Gold,خدمات الأعمال,BusinessServices,متجر إلكتروني,4030281949,مؤسسة شمس التصميم التجارية,TRUE,0,0,لا يمكن الاستبدال او الاسترجاع وفقاً لطبيعة المنتج أو الخدمة المقدمة,shams@shams-d.net,,506653653,FALSE,جدة,منطقة مكة المكرمة,NA,TRUE,https://maroof-prod.ruh-s3.bluvalt.com/host/f63138fd-a459-4476-88c8-b7b24ceac5c1.png,تصميم وطباعة,DesignAndPrint,NA,NA,NA,NA,NA,NA,NA,NA,NA,NA,NA,NA,https://www.facebook.com/shams.des,FALSE,https://instagram.com/shams4design,TRUE,https://twitter.com/shams4design,FALSE,NA,NA,NA,NA,9.66507E+11,FALSE,https://t.me/shams4design,FALSE,https://shams-d.com/,TRUE,NA,NA,NA,NA
696,1cff41e1-dc08-423b-9299-88ab8778f5d7,fd7b0658-7d3c-4c75-a3f2-84886257290e,لوشا بالون,Losha balloon,(هالة المصري) سعودية-متخصصه في فن البالون Specialist balloon art للتواصل ع الواتس اب 0548884384 (+966) jeddah _KSA الصور المعروضة من اعمالي فقط,5,3,aWxFnsFn9K4QDU2+GkmfOw==,Gold,حفلات,Occasions,متجر إلكتروني,4030351236,مؤسسة هاله سمير المصرى التجارية,FALSE,0,0,لم يقم التاجر بإضافة سياسة للاستبدال والاسترجاع,loshaballoon@gmail.com,,548884384,FALSE,NA,منطقة مكة المكرمة,NA,FALSE,https://maroof-prod.ruh-s3.bluvalt.com/host/b7110b5b-d240-4bee-b9aa-64cab5623946.jpeg,تنسيق مناسبات وحفلات,CoordinationEventsAndOccasions,NA,NA,NA,NA,NA,NA,NA,NA,NA,NA,NA,NA,NA,NA,https://instagram.com/loshaballoon,TRUE,NA,NA,NA,NA,NA,NA,NA,NA,NA,NA,http://www.loshaballoon.com,TRUE,NA,NA,NA,NA
704,e6d06ce1-28b3-4aa0-ae2a-b173ac2e6700,67b8c913-9d0c-483c-b2e7-cd16ccec25c7,ذهبيات,NA,تقديم عروض من تجار الذهب عبر موقعنا و حساباتنا في شبكات التواصل الأجتماعية,0,0,osFfpom/1JfmbTGW5yZT1w==,Gold,خدمات الأعمال,BusinessServices,متجر إلكتروني,4030169720,مؤسسة دره ذهبيات للذهب والمجوهرات,TRUE,0,0,لا يمكن الاستبدال او الاسترجاع وفقاً لطبيعة المنتج أو الخدمة المقدمة,talealkam@gmail.com,,546960782,FALSE,جدة,منطقة مكة المكرمة,احمد مؤمن,TRUE,https://maroof-prod.ruh-s3.bluvalt.com/host/a940c69c-9f2f-4e3a-be4f-796fb753a08e.jpg,متاجر إلكترونية,OnlineStores,NA,NA,NA,NA,NA,NA,NA,NA,NA,NA,NA,NA,NA,NA,https://instagram.com/goldpricesa,FALSE,https://twitter.com/gold_price_sa,FALSE,NA,NA,NA,NA,9.66547E+11,FALSE,NA,NA,https://dhbyat.com/,TRUE,NA,NA,NA,NA
707,20834be4-a954-4c82-9003-b8063f574098,42a9f7d0-3559-440c-b7cd-8a068e643a60,عسل كوالتيت,Qualitat Honey,"عسل كوالتيت ،جودة لكل بيت

نسعى في كوالتيت لتوفير أجود أنواع العسل العضوي الألماني وتصحيح مفاهيم الناس في عالم العسل ",4.75,83,eS1LhdLTUpYXJfJesl7XWA==,Gold,خدمات الأعمال,BusinessServices,متجر إلكتروني,2055025935,مؤسسة جلوي عبدالعزيز بو بشيت التجارية,FALSE,1,1,"سياسة الإستبدال والإسترجاع تشمل جميع منتجات متجر كوالتيت

في حال وصول منتج خاطئ إليكم أو وصول شحنة في حالة غير سليمة يرجى التواصل معنا خلال ٢٤ ساعة من استلام المنتج و سيتحمل  متجر كوالتيت كافة تكاليف الشحن والإستبدال وفي حال رغبتكم في الإستبدال أو الإرجاع لأي سبب آخر فلا يتحمل متجر كوالتيت أي تكاليف شحن تترتب على ذلك

يقوم متجر كوالتيت بإعادة المبالغ على هيئة رصيد نقدي في حساب العميل في المتجر بمجرد وصول الشحنات المُعادة إلى المتجر أو يقوم بإعادة إرسال المبلغ إلى حساب العميل في فترة لا تقل عن ٥ أيام عمل بعد التواصل مع العميل وأخذ معلوماته بشكل واضح

في حال شراء العميل للمنتجات عبر بطاقات فيزا أو ماستر كارد ورغب العميل بإستعادة المبلغ فسيتم التعويض من خلال إعادة الدفع إلى نفس بطاقة الفيزا أو الماستر كارد التي تم الشراء بواسطتها وتخضع فترة الإستعادة إلى سياسة البنك أو وسيط الدفع الإلكتروني المزود للخدمة

في حال حصول العميل على شحن مجاني ورغب بإرجاع المنتجات فيحق لمتجر كوالتيت إعادة احتساب تكلفة الشحن المجانية",honey.qualitat@gmail.com,,543030613,FALSE,الجبيل,المنطقة الشرقية,طريق الفيحاء,FALSE,https://maroof-prod.ruh-s3.bluvalt.com/host/1bbf6198-4e18-4baf-ba7e-3ae4095b3b8d.jpg,متاجر إلكترونية,OnlineStores,NA,NA,NA,NA,NA,NA,NA,NA,NA,NA,NA,NA,NA,NA,https://instagram.com/honey_qualitat,TRUE,https://twitter.com/HoneyQualitat,TRUE,NA,NA,NA,NA,9.66543E+11,FALSE,NA,NA,https://qualitat-honey.com,TRUE,NA,NA,NA,NA
718,6e173a32-960d-4776-8680-df8e6aa73c51,3599d8b0-e27f-4d2d-a3ef-6ce476c55e36,وادي العباقرة,Geeks Valley,نشر ودعم ثقافة التصنيع الرقمي والابتكار عبر توفير نظام تعليمي الكتروني مجاني بالعربية ومتجر يوفر كافة احتياجات المبتكر,3.67,6,qWtOwaq1XSiSp/CXbMjksg==,Gold,خدمات الأعمال,BusinessServices,متجر إلكتروني,4030343496,مؤسسة وادي العباقرة لتقنية المعلومات,FALSE,7,7,"جميع المشتريات قابلة للإستبدال والإسترجاع خلال 7 أيام فقط من تاريخ الإستلام شريطة أن تكون المنتجات على حالتها الأصلية

للقيام بعملية الإستبدال أو الإسترجاع قم بالتواصل معنا من خلال نموذج التواصل  بالموقع",info@geeksvalley.com,,599388585,FALSE,جدة,منطقة مكة المكرمة,خالد بن الوليد,TRUE,https://maroof-prod.ruh-s3.bluvalt.com/host/39c498f6-c5f0-48c8-98a8-af6ae5efd755.png,حلول إلكترونية,ElectronicSolutions,NA,NA,NA,NA,NA,NA,NA,NA,NA,NA,NA,NA,NA,NA,NA,NA,https://twitter.com/Geeks_Valley,FALSE,NA,NA,NA,NA,NA,NA,NA,NA,https://www.geeksvalley.com,TRUE,NA,NA,NA,NA
733,8762c6c7-25de-4976-9934-30a0758dc2e7,44eec163-9093-4fc2-bb26-85e960aab236,سي اكس شفت,CX Shift,"سي اكس شفت بالإنجليزية CX Shift هي شركة تأسست في 2013 في الرياض، السعودية تقدم خدمات للأعمال التجارية في مجالات تصميم المواقع والتطبيقات الالكترونية، والتسويق والجرافيك، وتطوير وابتكار الأعمال، وريادة الأعمال وتختص في تطبيق آخر ما توصل له العلم الحديث الأمريكي في تطوير الأعمال التجارية خصوصا من سيليكون فالي عاصمة ريادة الأعمال والابتكار مثلا الإدارة ذات الرؤية رؤية ٣٦٠ درجة على تجربة العملاء والمشروع ككل والاستراتيجيات والنمو والتسويق الاستثنائي وما يميز هذه الشركة هو غايتها في جعل حياة الناس أفضل وتغيير العالم مشروع مشروع تسعى لتساهم في نجاح مشاريع عملاؤه وبالتالي فحايتهم تكون أفضل وتطوير أعمالهم لينتج عن تقديم منتجات وخدمات تلبي رغبات وحاجات الناس مما يجعل حياتهم أفضل لدى CX Shift فروع في الرياض ولوس أنجلوس

تأسست الشركة لهدف سامي وغاية جميلة لتطوير الاعمال أيضاَ تهدف إلى بناء جسر تجاري ريادي وابتكاري بين عاصمة ريادة الأعمال سيليكون فالي وسيليكون بيتش في سان فرانسيسكو ولوس أنجلوس والشرق الأوسط خصوصا في السعودية ودول الخليج",5,8,0oIb3++tHS8y7VPotbF9qw==,Gold,خدمات الأعمال,BusinessServices,متجر إلكتروني,1010857637,مؤسسة تطوير وابتكار لتقنية المعلومات,TRUE,0,0,,info@cxshift.com,,500125855,FALSE,الرياض,منطقة الرياض,7277 طريق الملك فهد,FALSE,https://maroof-prod.ruh-s3.bluvalt.com/host/79a81ef9-07c7-4b28-9983-143a9b06a977-IMG_1691056994422.jpg,متاجر إلكترونية,OnlineStores,NA,NA,NA,NA,NA,NA,NA,NA,114903783,NA,NA,NA,https://www.facebook.com/cxshift,FALSE,https://instagram.com/cx_shift,FALSE,https://twitter.com/CXShift,FALSE,NA,NA,NA,NA,9.665E+11,FALSE,NA,NA,https://www.cxshift.com,TRUE,cxshift,FALSE,https://www.tiktok.com/@cxshift,FALSE
734,92b92570-c7a9-44a9-93cf-d5c7a14073d3,92290623-e0e4-404e-8cf2-7284e48620c7,تيفانا شوب,TivanaShop,متخصصون في بيع مفارش السرر بجميع انواعها,3.66,9,CYsw5QJ0XufH1ZzvmZ6K1w==,Gold,خدمات الأعمال,BusinessServices,متجر إلكتروني,4030170214,مؤسسة البوادر السعوديه للتجارة,FALSE,0,0,لم يقم التاجر بإضافة سياسة للاستبدال والاسترجاع,tivanashop@gmail.com,,567990230,FALSE,NA,منطقة مكة المكرمة,NA,FALSE,https://maroof-prod.ruh-s3.bluvalt.com/host/13a057c6-0382-4e97-8a7b-b400dd160c58.jpg,متاجر إلكترونية,OnlineStores,NA,NA,NA,NA,NA,NA,NA,NA,NA,NA,NA,NA,NA,NA,https://instagram.com/mafarishshop,TRUE,NA,NA,NA,NA,NA,NA,NA,NA,NA,NA,http://tivanashop.com,TRUE,NA,NA,NA,NA
735,a53cc7ad-0eab-4e30-a175-daf8aa022468,d4fdc6f0-be2a-4ebc-a5f4-2b63aafb90cb,مؤسسة اسيا باحكيم للتجاره,ASIA BAHAKIM EST,بيع العدد اليدوية ولوازمها,0,0,juSwFEliZQzIvlJ3tRLZAQ==,Gold,أخرى,Other,متجر إلكتروني,1010287447,مؤسسة اسيا عبدالله احمد باحكيم للتجارة,FALSE,0,0,لم يقم التاجر بإضافة سياسة للاستبدال والاسترجاع,mbahakim27@gmail.com,,507144000,FALSE,NA,منطقة الرياض,NA,FALSE,NA,NA,NA,NA,NA,NA,NA,NA,NA,NA,NA,NA,NA,NA,NA,NA,NA,NA,NA,NA,NA,NA,NA,NA,NA,NA,NA,NA,NA,NA,NA,NA,NA,NA,NA
745,c7e8bbaf-0fb1-44b4-a0f7-8fdb4f1910a9,c4415c4b-b97b-44cd-bdab-b4398285b3b5,مؤسسة رداء الصلاة لتقنية المعلومات,Redaalsalah,"متخصصون في تجارة أردية وسجاجيد الصلاه بأفضل جوده وتصميم وبأسعار منافسه ، مقرنا جده ونقوم بالشحن لخارج مدينة جده واتس0537620881",4.43,7,ifz56ELbnET3llsyjqS8Ew==,Gold,الجمال والصحة,BeautyAndHealth,متجر إلكتروني,4030435962,مؤسسة رداء الصلاة التجارية,FALSE,15,15,خلال فترة ١٥ يوم على أن يتحمل العميل قيمة التوصيل أو الشحن,Info@redaalsalah.com.sa,,537620881,FALSE,جدة,منطقة مكة المكرمة,سليمان بن عطيه,TRUE,https://maroof-prod.ruh-s3.bluvalt.com/host/47ed64b8-96c8-4e63-a39f-45620ea00f88.jpeg,مستلزمات المرأة,WomenNecessities,NA,NA,NA,NA,NA,NA,NA,NA,NA,NA,NA,NA,NA,NA,NA,NA,NA,NA,NA,NA,NA,NA,9.66538E+11,FALSE,NA,NA,http://www.redaalsalah.com.sa,TRUE,NA,NA,NA,NA
759,6cc07d33-33da-435e-8759-49c163199c8b,4b33597c-5c99-421c-a1f7-2ae8548688cd,بصمة مبدعة,basma mubdeaa,توزيعات تعليقات اذكار الصباح والمساء,4.91,11,SSXmIOCUJ+lo5PhI3IvBDQ==,Gold,حفلات,Occasions,متجر إلكتروني,4030177542,مؤسسة بصمه مبدعه للتجاره,FALSE,0,0,لم يقم التاجر بإضافة سياسة للاستبدال والاسترجاع,z100q@hotmail.com,,504667667,FALSE,NA,منطقة مكة المكرمة,NA,FALSE,https://maroof-prod.ruh-s3.bluvalt.com/host/07d25978-a5f6-402e-af9d-9e5df844780a.jpeg,تنسيق مناسبات وحفلات,CoordinationEventsAndOccasions,NA,NA,NA,NA,NA,NA,NA,NA,NA,NA,NA,NA,NA,NA,https://instagram.com/basma_mubdeaa,TRUE,NA,NA,NA,NA,NA,NA,NA,NA,NA,NA,NA,NA,NA,NA,NA,NA
768,0a0f575c-39a6-4cd8-9668-0fb7777eac1c,5d6e7bc1-121c-4d15-a622-01a216d61527,بيكابوو,Peek a Boo,بيع ملابس الاطفال المستورده,5,6,VfbWJoFHy9pJCIAVHUwYJg==,Gold,أخرى,Other,متجر إلكتروني,4030347268,مؤسسة ندى عصام حابس لملابس الاطفال,FALSE,1,3,"يمكن الاسترجاع خلال 24 ساعة من استلام الطلب والاستبدال خلال 3 ايام شرط ان تكون القطعه بحالتها السليمة وكامل ملحقاتها

ملاحظة يتحمل العميل كافة رسوم التوصيل والشحن بالإضافة الى رسوم الدفع عند الإستلام في حال الاسترجاع
نعتذر عن استرجاع القطع المخفضة",Peekaboo.ksa@gmail.com,,568776876,FALSE,جدة,منطقة مكة المكرمة,ابو القاسم ابن احمد,TRUE,https://maroof-prod.ruh-s3.bluvalt.com/host/aa5a88ef-fe79-418c-8f56-2d7913c4b8bc.jpeg,أخرى,Other,NA,NA,NA,NA,NA,NA,NA,NA,NA,NA,NA,ازياء اطفال,NA,NA,https://instagram.com/peekaboo_ksa,TRUE,NA,NA,NA,NA,NA,NA,9.66569E+11,FALSE,NA,NA,https://peekaboo-butik.com,TRUE,NA,NA,NA,NA
769,0d125e93-7ad3-4932-a001-a1cf6b50dd60,d354d9e3-a2d3-4d34-9f2d-a1ed24257d3b,باترن إكس,Pattern X,"تصميم جرافيكس، صنع هويات، تصميم شعارات، رسم رقمي، إنفوجرافيكس، تصميم مجلات",5,12,2pfcokC5SqPSG/PgOWEDtQ==,Silver,خدمات الأعمال,BusinessServices,متجر إلكتروني,NA,NA,TRUE,0,0,لا يمكن الاستبدال او الاسترجاع وفقاً لطبيعة المنتج أو الخدمة المقدمة,patternxsa@gmail.com,,553427596,FALSE,الرياض,منطقة الرياض,NA,TRUE,https://maroof-prod.ruh-s3.bluvalt.com/host/a66e130f-915a-4957-b12f-6c40f0878b21.png,تصميم وطباعة,DesignAndPrint,8fbfe360,Active,2022-07-09,2024-09-07,https://freelance.sa/certificate-validation/certificate-validation-details/8fbfe360,تصميم الجرافيك,التصميم والإبداع,13662,NA,NA,NA,NA,NA,NA,https://instagram.com/patternxsa,TRUE,https://twitter.com/PatternXsa,TRUE,NA,NA,NA,NA,9.66553E+11,FALSE,NA,NA,NA,NA,NA,NA,NA,NA
805,c81e41f8-af90-49c1-be99-eecafbebc5a1,96300d5a-024e-4e62-a764-cc2eebb2a25d,مجوهرات سدرة,Sedra Jewellery,مجوهرات يوميه بسيطه و انيقة تتكون من ذهب عيار ١٨ و صدف طبيعي و احجار كريمة,0,0,kYf69nobLgc0B78G8EDLRw==,Gold,الجمال والصحة,BeautyAndHealth,متجر إلكتروني,1010667229,مؤسسة نوره محمد عبدالله الخريف للمجوهرات,FALSE,3,7,الاسترجاع خلال ٣ ايام عمل و الاستبدال خلال ٧ ايام,info@sedrajewellery.com,,597058787,FALSE,الرياض,منطقة الرياض,طريق الخير,FALSE,https://maroof-prod.ruh-s3.bluvalt.com/host/8c84de2e-f177-4721-9ff3-961512d99b6f.jpeg,مستلزمات المرأة,WomenNecessities,NA,NA,NA,NA,NA,NA,NA,NA,NA,NA,NA,NA,NA,NA,https://instagram.com/sedra.jewellery,TRUE,NA,NA,NA,NA,NA,NA,NA,NA,NA,NA,http://www.sedrajewellery.com,TRUE,NA,NA,NA,NA
809,b6c77271-ac14-4870-a930-42770017775c,44a4b2d4-fa45-441b-8d36-5760dc700e6b,إم أو إتش,MOH,متجر (M.O.H Jewelry) هو أول منصة إلكترونية مختصة بتصاميم الألماس الصناعي والمجوهرات المطلية والساعات والإكسسورات الرجالية والنسائية منذ عام ٢٠١٣م. المتجر حاصل على شهادة (CTT) لمعايير الجودة ويقدم ضمان سنة على جميع القطع.  تتوفر خدمة الشحن الدولي والدفع عن الاستلام وتغليف الهدايا بأسعار رمزية.,4.83,6,nHBICF6MmNvsD805L1QzBQ==,Gold,الجمال والصحة,BeautyAndHealth,متجر إلكتروني,1010521720,مؤسسة رفوف الشرق للتجارة,FALSE,3,3," سياسة MOH  في الإستبدال والإسترجاع
يحرص متجرنا على تسوق العملاء بثقة واطمئنان حيث يحق للعميل التالي
١ استرجاع القطعة المعيبة فقط في حال وجود عيوب مصنعية وذلك خلال ثلاث أيام من تاريخ الشراء أو الاستلام كحد أقصى، بشرط عدم استخدامها وأن تكون بحالتها الأصلية وقت الشراء مع وجود ملصقات السعر وفاتورة الشراء
٢ يمكن استبدال القطعة المعيبة في الحالات التالية
أ وجود عيوب مصنعية في القطعة
 يتم إصلاح المنتج أو استبداله في حال وجود بديل له
ب  تكون في نفس حالة الاستلام وذلك خلال ثلاث أيام مع وجود فاتورة الشراء وملصقات السعر
ج  القطعة المخفضة يمكن استبدالها خلال يومين فقط من تاريخ الشراء مع توفر الشروط الوارد ذكرها أعلاه ولا يمكن استرجاعها
 ونظرًا لحساسية المنتجات وانطلاقًا من عزمنا على تقديم أفضل الخدمات فإننا نعتذر عن استبدال أو استرجاع قيمة المشتريات بعد شرائها وخروجها من المعرض بالحالات التالية
 البضاعة التالفة من جراء الاستهلاك خلاف ما يشمله الضمان
 أي قطعة غير مرفقة بفاتورة الشراء الأصلية
القطعة المعابة أو المخالفة للمواصفات المذكورة والتي مضى على استلامها أكثر من 3 أيام",moh@mohjewelry.com,,595458638,FALSE,الرياض,منطقة الرياض,السيل الكبير,FALSE,https://maroof-prod.ruh-s3.bluvalt.com/host/d9933181-b706-4001-aa9b-b05e7c99968d.jpeg,مستلزمات المرأة,WomenNecessities,NA,NA,NA,NA,NA,NA,NA,NA,NA,NA,NA,NA,NA,NA,https://instagram.com/mohjewelry_w,TRUE,https://twitter.com/mohjewelry,TRUE,NA,NA,NA,NA,9.66595E+11,FALSE,NA,NA,http://www.mohjewelry.com,TRUE,NA,NA,NA,NA
815,cd06b30b-2d91-41f8-b4a2-e63641170ec5,507ebdcb-c7ec-4a4c-b01d-1ddbf7581c7b,جزيرة الكاكاو,Cocoa Island,شوكولاتة فاخرة مصنعة محلياً بأيدي سعودية من أفضل المواد الخام المستوردة من أهم الشركات في فرنسا وبلجيكا,5,4,xLWiKsWAL2KxQkSnO5DFug==,Gold,أطعمة ومشروبات,FoodAndDrinks,متجر إلكتروني,4030436330,مؤسسة جزيرة الكاكاو التجارية,TRUE,0,0,لا يمكن الاستبدال او الاسترجاع وفقاً لطبيعة المنتج أو الخدمة المقدمة,maab@cocoaislandsa.com,,545477776,FALSE,جدة,منطقة مكة المكرمة,عبدالله ابن دخيل,TRUE,https://maroof-prod.ruh-s3.bluvalt.com/host/e5f09428-aed4-4cef-91c3-31a7e942a97f.jpg,مطبخ ومخبوزات,KitchenAndBakery,NA,NA,NA,NA,NA,NA,NA,NA,NA,NA,NA,NA,NA,NA,https://instagram.com/cocoaislandsa,TRUE,NA,NA,NA,NA,NA,NA,9.66545E+11,FALSE,NA,NA,http://www.cocoaislandsa.com,TRUE,NA,NA,NA,NA
819,077f85bd-cd1b-4629-9008-a02139a66b2a,a712738b-6247-441d-a941-62e9de41be67,متجر أليف,Aleef shop,"نوفر في متجر أليف منتجات مختلفة لجميع الحيوانات الأليفة تشمل الطعام, الألعاب, الأكسسوارات, الأقفاص و البيوت, أدوات العناية و التنظيف, لجعل الأعتناء بها أسهل, و أكثر بهجة و سعادة.",4.17,23,9oNen7K0IMxx0t58JCHAEA==,Gold,أخرى,Other,متجر إلكتروني,1010426627,شركة متجر أليف للتجارة,FALSE,0,0,لم يقم التاجر بإضافة سياسة للاستبدال والاسترجاع,info@aleef.co,,556202012,FALSE,NA,منطقة الرياض,NA,FALSE,https://maroof-prod.ruh-s3.bluvalt.com/host/ab4115a6-67b4-4efe-8c39-f6b606b6cb89.png,NA,NA,NA,NA,NA,NA,NA,NA,NA,NA,NA,NA,NA,NA,NA,NA,https://instagram.com/aleefshop,TRUE,https://twitter.com/aleefshop,TRUE,NA,NA,NA,NA,NA,NA,NA,NA,http://www.aleef.com,TRUE,NA,NA,NA,NA
840,802db2d7-3f00-4f4f-9f1a-2e6a0facbc89,b53b6217-32ec-4d83-92e5-3de8cccf4451,الفناء الخلفي,The Back Yard,"متجر The Back Yard ""الفناء الخلفي"" 

يقوم بتوفير جميع مايتعلق بالحدائق من جلسات وارجوحات ومضلات. صنعت غالبية المنتجات من الراتان المقاوم للشمس والمطر كما صممت جميع المنتجات بأشكال راقية ورائعة.",4.5,10,UAK3aaAm7n/stfU1FwOj/w==,Gold,أخرى,Other,متجر إلكتروني,1010535357,مؤسسة عقيل سليمان محمد الفوزان للتجارة,FALSE,0,0,لم يقم التاجر بإضافة سياسة للاستبدال والاسترجاع,asf_0000@hotmail.com,,557992655,FALSE,NA,منطقة الرياض,NA,FALSE,https://maroof-prod.ruh-s3.bluvalt.com/host/1f44279d-d8ae-4cbd-98d3-8bc7ef27bbc4.jpg,NA,NA,NA,NA,NA,NA,NA,NA,NA,NA,NA,NA,NA,NA,NA,NA,https://instagram.com/back.yard1,TRUE,https://twitter.com/undefined,TRUE,NA,NA,NA,NA,NA,NA,NA,NA,NA,NA,NA,NA,NA,NA
846,7cc66e01-c414-4c3a-8112-8cc89b36a259,70164e47-51db-4674-a739-7bc3619999d9,سلالات القهوة,Sulalat Coffee,مختصون بالبحث والتقييم واستيراد وتحميص بن المزادات العالمية للقهوة المختصة وتوفير ادواتها,4.56,9,YNNJThQ/IZcPUXjT7+ZnxA==,Gold,أطعمة ومشروبات,FoodAndDrinks,متجر إلكتروني,1010402948,شركة سلالات القهوة للتجارة,FALSE,7,7,نعم,sales@sulalat.com,,564400407,FALSE,الرياض,منطقة الرياض,طريق مكة مخرج 13,TRUE,https://maroof-prod.ruh-s3.bluvalt.com/host/dcb73a75-9d65-4c20-8dcf-de97fcbe5a52.png,مطبخ ومخبوزات,KitchenAndBakery,NA,NA,NA,NA,NA,NA,NA,NA,NA,الربوة,108,NA,https://www.facebook.com/WeSulalat,FALSE,https://instagram.com/wesulalat,FALSE,NA,NA,NA,NA,NA,NA,9.66564E+11,FALSE,NA,NA,https://sulalat.com,TRUE,NA,NA,https://www.tiktok.com/@sulalatcoffee?lang=en,FALSE
847,5e20b8f3-2997-43dc-ba11-97732d31529c,001fa6dc-49c7-4be7-88e3-8639290e4e7d,بقشة,bksha,متجر الكتروني تسويقي,0,0,ljxOMisYuOsE251OHEC0ow==,Gold,خدمات الأعمال,BusinessServices,متجر إلكتروني,4650190166,مؤسسة خدمات البدائل للصيانة والتشطيب,FALSE,0,0,لم يقم التاجر بإضافة سياسة للاستبدال والاسترجاع,bksha2016@hotmail.com,,570375089,FALSE,NA,منطقة المدينة المنورة,NA,FALSE,https://maroof-prod.ruh-s3.bluvalt.com/host/1af7cf27-e34e-4552-9fae-6e7e6c916691.png,متاجر إلكترونية,OnlineStores,NA,NA,NA,NA,NA,NA,NA,NA,NA,NA,NA,NA,NA,NA,..https://instagram.com/bksha20,TRUE,NA,NA,NA,NA,NA,NA,NA,NA,NA,NA,http://www.happystoryshop.com,TRUE,NA,NA,NA,NA
886,b362adb7-3923-4a1d-be2d-1fcd5ec73bef,3de4d208-a42c-4d7a-9dec-0297e1ea4600,ماجد عطرجي,Majid Iterji,انتاج وبيع العطور الشرقية والغربية والخلاصات العطرية,5,4,SCh00WQXeazkYk5yVWM5SQ==,Gold,خدمات الأعمال,BusinessServices,متجر إلكتروني,4031048718,مصنع ماجد عطرجي للعطور,FALSE,0,0,لم يقم التاجر بإضافة سياسة للاستبدال والاسترجاع,info@iterji.com,,556031213,FALSE,NA,منطقة مكة المكرمة,NA,FALSE,https://maroof-prod.ruh-s3.bluvalt.com/host/83eead22-d40e-4d1d-9328-1dad775167f8.png,متاجر إلكترونية,OnlineStores,NA,NA,NA,NA,NA,NA,NA,NA,NA,NA,NA,NA,https://www.facebook.com/1090216884373337,TRUE,https://instagram.com/iterji,TRUE,https://twitter.com/iterji,TRUE,NA,NA,NA,NA,NA,NA,NA,NA,http://www.iterji.com,TRUE,NA,NA,NA,NA
888,27129630-2cd8-4d18-b73b-4111eead1b71,83fea852-ebf6-4e99-b15e-51c131e721c6,موقع ريحانة,Rihanh,يسعدنا ويشرفنا في شركة عالم ريحانة للتجارة المالكة لمتجر  ريحانة بأن تكون الرائدة في مجال التسويق الإلكتروني بصفتها وكلاء لعطور فرنسية وشرقية وهي ضمن اوائل المواقع المختصة بالتسويق الإلكتروني و المتاجرة عبر الانترنت في المملكة العربية السعودية و المتخصصة بتقديم الخدمات التسويقية www.Rihanh.com,3,2,4bNquZi4EEJqJtkJQiZ6bw==,Gold,الجمال والصحة,BeautyAndHealth,متجر إلكتروني,1010321406,شركة عالم ريحانة للتجارة,FALSE,7,7,"يمكنك استبدال أو استرجاع أي منتج من ريحانة خلال أسبوع من تأريخ وصول الطلب
يهمنا في الاستبدال أو الاسترجاع أن يكون المنتج سليم بغلافه الأصلي لذلك يرجى التأكد من سلامته وتغليفه
يشترط أن تكون الفاتورة مرفقة مع المنتج عند الاستبدال أو الاسترجاع
الإستبدال 
يمكنك استبدال أي منتج طلبته بمنتج آخر من ريحانة خلال أسبوع من تأريخ وصول طلبك مع العلم بأنه سيتم محاسبتك على تكلفة رسوم الشحن
الإسترجاع 
يمكنك إرجاع أي منتج لست راضيًا عنه خلال أسبوع من تاريخ وصول طلبك واسترداد المبلغ المدفوع كقسيمة شرائية إلى حسابك في ريحانة بعد خصم

رسوم الإرجاع

رسوم الإستبدال والإسترجاع من المنزل في المملكة العربية السعودية
رسوم الإسترجاع  40 ريال
رسوم الإستبدال  80 ريال",Rihanaworld@mail.com,,555802029,FALSE,الرياض,منطقة الرياض,المجاردة,FALSE,https://maroof-prod.ruh-s3.bluvalt.com/host/60ae044a-462a-4d63-bce6-776421e79665.jpeg,مستلزمات المرأة,WomenNecessities,NA,NA,NA,NA,NA,NA,NA,NA,NA,NA,NA,NA,NA,NA,https://instagram.com/rihanhcom,TRUE,https://twitter.com/undefined,TRUE,NA,NA,NA,NA,NA,NA,NA,NA,http://www.rihanh.com,TRUE,NA,NA,NA,NA
896,2f2bf0e2-733a-4f6e-ab34-21bdfc6be37f,18b049c6-f0e3-46c8-a2e2-b29ae61d02ea,أهتاء,AHTA,نقوم بالتسويق وبيع مالدى معرض أهتاء للملابس النسائية الكترونيا وتسهيل التواصل مع العملاء بجميع انحاء المملكة,3.5,2,+0bEe9CoZmVgTdOlcVd8LA==,Gold,الجمال والصحة,BeautyAndHealth,متجر إلكتروني,1010248317,مؤسسة أهتاء للتجاره,FALSE,0,0,لم يقم التاجر بإضافة سياسة للاستبدال والاسترجاع,ahta505@hotmail.com,,539177088,FALSE,NA,منطقة الرياض,NA,FALSE,https://maroof-prod.ruh-s3.bluvalt.com/host/bee279eb-5e66-4621-9458-bf6b7037996f.png,مستلزمات المرأة,WomenNecessities,NA,NA,NA,NA,NA,NA,NA,NA,NA,NA,NA,NA,NA,NA,https://instagram.com/ahta202,TRUE,https://twitter.com/ahta505,TRUE,NA,NA,NA,NA,NA,NA,NA,NA,http://www.ahta.sa,TRUE,NA,NA,NA,NA
897,5e15b795-dc14-495b-921c-8236aa8f85e9,1e0ab09c-fb9e-47ba-b879-59bd8942b4db,السيرة الفاخرة,LUXY CV,"نسعد لخدمتكم | لطلب تصميم سيرة ذاتية | وتصاميم أخرى #انفوجرافيك
www.luxycv.com/cv",1,1,fk3/gcIj04DfVrQGoQfMNA==,Silver,خدمات الأعمال,BusinessServices,متجر إلكتروني,NA,NA,FALSE,0,0,لم يقم التاجر بإضافة سياسة للاستبدال والاسترجاع,cv@luxycv.com,,550688470,FALSE,NA,منطقة الرياض,NA,FALSE,https://maroof-prod.ruh-s3.bluvalt.com/host/7bc79de7-3c9f-4ed7-b0b1-76c080b11a9e.jpeg,حلول إلكترونية,ElectronicSolutions,FL-236990877,Active,2021-10-05,2023-10-05,https://freelance.sa/certificate-validation/certificate-validation-details/FL-236990877,تصميم الجرافيك,التصميم والإبداع,42092,NA,NA,NA,NA,NA,NA,https://instagram.com/luxycv,TRUE,https://twitter.com/Luxycv,TRUE,NA,NA,NA,NA,NA,NA,NA,NA,http://www.luxycv.com,TRUE,NA,NA,NA,NA
913,86e29fc2-7294-4a4d-9e09-75772076a69e,153f35f5-df02-42ee-aa97-6bb9986338e8,مار بيرفورمانس,MAR Performance,"مار بيرفورمانس هي علامة تجارية مسجلة مملوكة لمؤسسة قطع المركبات التجارية سجلها التجاري 2055102194 والتي مقرها في مدينة الجبيل بالمملكة العربية السعودية

تأسس مار بيرفورمانس في عام 2015 م ومنذ نشأته نعمل لنكون المرجع الأول لجميع محبي السيارات في دول الخليج العربي

مار بيرفورمانس وكيل وموزع معتمد للكثير من الشركات والعلامات التجارية العالمية المهتمة بتطوير السيارات وتحسين أدائها والعناية بها",4.83,6,OgtwHOGnGG7wNpg/8j9XeQ==,Gold,السيارات,Cars,متجر إلكتروني,2055102194,مؤسسة قطع المركبات التجارية,FALSE,6,6,"يمكن إرجاع  أو استبدال القطع خلال 6 أيام من تاريخ الطلب بعد الحصول على الموافقة المبدئية من فريق عمل مار من خلال المنصات الرسمية التالية الموقع الإلكتروني أو البريد  الإلكتروني أو الهاتف

يجب أن تكون أن تكون القطعة غير مستخدمة ومغلفة بغلافها الأصلي مع ضرورة تقديم فاتورة الشراء الأصلية

يتحمل العميل تكاليف إعادة الشحن لمستودع مار بيرفورمانس

بعد وصول القطعة المراد إرجاعها أو استبدالها لمستودع مار يتم تشخيصها فإذا تبيّن أنها غير مطابقة لشروط الاسترجاع سيتم رفض الطلب وإعادة شحن القطعة للعميل على عنوانه المسجل وسيتحمل العميل جميع تكاليف الشحن، وفي حال الموافقة على إرجاعها سيصلك المبلغ خلال 6 أيام عمل مخصوماً منه تكاليف الشحن والرسوم المترتبة عليه

جميع الطلبات الخاصة لا يمكن إلغاؤها أو إرجاعها بأي حال من الأحوال

القطع الكهربائية والإلكترونية والسوائل والكفرات والأجزاء الداخلية للمكينة وأجهزة البرمجة غير قابلة للاسترجاع أو الاستبدال بأي حال من الأحوال

يحتفظ فريق عمل مار بيرفورمانس بحقه في عدم إرجاع أي قطعة وفقاً لتقديره",Sales@MarPerformance.com,,544519929,FALSE,NA,المنطقة الشرقية,NA,FALSE,https://maroof-prod.ruh-s3.bluvalt.com/host/fa008fc9-e516-4e81-ac26-97e6c36ca187.png,أخرى,Other,NA,NA,NA,NA,NA,NA,NA,NA,NA,NA,NA,NA,NA,NA,https://instagram.com/marperformance,TRUE,NA,NA,NA,NA,NA,NA,NA,NA,NA,NA,http://www.MarPerformance.com,TRUE,NA,NA,NA,NA
914,18e14e1c-f555-4028-995c-47473e49b74b,2173f86f-d019-4475-ac06-42d390a23608,تويج للعطور,Tooij,"متجر عطور إلكتروني تأسس منذ أكثر من 12 سنة بفريق عمل سعودي طموح، متخصص في بيع عطور الماركات العالمية الأصلية وبأسعار معقولة، نخدم الكثير من العملاء السعداء، تعال وانضم إلينا

تسوق آمن
أفضل الأسعار
ضمان عطور اصلية
توصيل سريع مجاني
هدايا عينات عطور مجانية
نقاط مكافآت مقابل كل ريال",5,6,hyM6akE+I4B1MzFtNLFdUw==,Gold,أخرى,Other,متجر إلكتروني,5901021986,مؤسسة تويج للعطور,TRUE,0,0,لا يمكن الاستبدال او الاسترجاع وفقاً لطبيعة المنتج أو الخدمة المقدمة,support@tooij.com,,533241212,FALSE,ابو عريش,منطقة جازان,عثمان بن عفان,TRUE,https://maroof-prod.ruh-s3.bluvalt.com/host/1d449381-df6f-42e1-bd8a-dbd4312a33ce.png,NA,NA,NA,NA,NA,NA,NA,NA,NA,NA,NA,NA,NA,NA,https://www.facebook.com/TooijScent/,FALSE,https://instagram.com/tooijscent,FALSE,https://twitter.com/TooijScent,FALSE,NA,NA,NA,NA,9.66533E+11,FALSE,NA,NA,https://www.tooij.com/,TRUE,NA,NA,NA,NA
920,a897199b-9791-428e-ad4d-ddba7e871435,1b34d1de-7967-4103-9012-0828d66ad341,عالم فواز,Fawaz World,متجر إلكتروني منوع يمتاز بندرة المنتجات وغريبها,5,1,B4X/CYOWYXqe9c9vuMS/zA==,Gold,خدمات الأعمال,BusinessServices,متجر إلكتروني,2051060745,مؤسسة فواز عبدالعزيز الجعفر التجارية,FALSE,0,0,لم يقم التاجر بإضافة سياسة للاستبدال والاسترجاع,FW@FawazWorld.com,,507600078,FALSE,NA,المنطقة الشرقية,NA,FALSE,https://maroof-prod.ruh-s3.bluvalt.com/host/eff200e8-2570-4713-bde4-59231d61eeab.jpeg,متاجر إلكترونية,OnlineStores,NA,NA,NA,NA,NA,NA,NA,NA,NA,NA,NA,NA,NA,NA,https://instagram.com/fawaz_world,TRUE,NA,NA,NA,NA,NA,NA,NA,NA,NA,NA,http://www.FawazWorld.com,TRUE,NA,NA,NA,NA
923,e486c5e7-a7a7-4458-934d-b8da898a9ef8,ba85ad3f-5641-4830-a883-24a65954a207,فريم ستديو,Frame Studio,"نسعى دائماً لتقديم خدمة مختلفة في توثيق الفعاليات والمعارض او التصوير الشخصي ، وكل ما يقدم من خلالنا سيبقى مدى الحياة",5,4,Fqq7QtCGpuwhlwzEeBxGKQ==,Gold,خدمات الأعمال,BusinessServices,متجر إلكتروني,1010360611,مؤسسة اطار للأنتاج الأعلامي,FALSE,0,0,لم يقم التاجر بإضافة سياسة للاستبدال والاسترجاع,Info@frm-stu.com,,532556255,FALSE,NA,منطقة الرياض,NA,FALSE,https://maroof-prod.ruh-s3.bluvalt.com/host/a8b3d1b5-0c53-46b6-9c0b-aad70e5d1f04.png,تصوير,Photography,NA,NA,NA,NA,NA,NA,NA,NA,NA,NA,NA,NA,https://www.facebook.com/1309838919031323,TRUE,https://instagram.com/a_alosaimi2,TRUE,NA,NA,NA,NA,NA,NA,NA,NA,NA,NA,http://www.frm-stu.com,TRUE,NA,NA,NA,NA
936,8d83d178-99c1-4710-97e1-1064d4dabef0,5a8d6859-6d50-482d-bb96-f3cd0bcc1f77,المطبخ العائلي,family kitchen,مطبخ نسائي  الطبخ على اصوله بمذاقه المميز عمل البوفيهات وجميع المناسبات ومجمدات رمضان وعلى مدار العام,4.92,13,6mNAEvmzfVxMYaKMWXejiA==,Gold,أطعمة ومشروبات,FoodAndDrinks,متجر إلكتروني,1010713656,مؤسسة المطبخ العائلي لخدمات الاعاشة,TRUE,0,0,لا يمكن الاستبدال او الاسترجاع وفقاً لطبيعة المنتج أو الخدمة المقدمة,f.almoltqa@yahoo.com,,566846050,FALSE,الرياض,منطقة الرياض,علي الدريوش,TRUE,https://maroof-prod.ruh-s3.bluvalt.com/host/597ad0bf-b23f-4580-a7bd-be5132b26e6a.png,مطبخ ومخبوزات,KitchenAndBakery,NA,NA,NA,NA,NA,NA,NA,NA,566846050,الرمال,112,NA,NA,NA,NA,NA,NA,NA,NA,NA,NA,NA,9.66567E+11,FALSE,NA,NA,https://fkitchen22.com/,TRUE,NA,NA,NA,NA
943,6272be40-ce89-4cc0-8e6b-06a9782433f1,28e8865d-ddea-4876-ac63-b3a5f56269ab,مكتب عالم الواحات,oases world,مكتب عالم الواحات لتنظيم الرحلات السياحية,4.2,5,CK454HUobrlunVg2vtKHHg==,Gold,أخرى,Other,منصة وساطة,1010393717,وكالة عالم الواحات للسفر و السياحة,FALSE,0,0,لم يقم التاجر بإضافة سياسة للاستبدال والاسترجاع,info@oasesworld.com,,556082062,FALSE,NA,منطقة الرياض,NA,FALSE,https://maroof-prod.ruh-s3.bluvalt.com/host/43e84891-0805-4865-96fd-093e03292c02.jpeg,NA,NA,NA,NA,NA,NA,NA,NA,NA,NA,NA,NA,NA,NA,NA,NA,https://instagram.com/oasesworld,TRUE,https://twitter.com/OasesWorld,TRUE,NA,NA,NA,NA,NA,NA,NA,NA,http://www.oasesworld.com,TRUE,NA,NA,NA,NA
947,2bfed0fd-5616-45d0-98fa-905c3bb2e6b4,6edfdf17-80ec-491e-8e7d-aba01b650b72,بهارات الدار,Aldar Spices,"أنا امرأة سعودية أعمل في تعبئة وخلط البهارات لكافة الأذواق وتوفير مستلزمات المطبخ والحلويات ..
رُقي حاسة التذوق لدى العملاء كانت تحدياً كبيراً وهدفاً لابد من بلوغة ودافعاً قوياً ليكون منتجنا ذا جودة عالية وحاضراً لكل مناطق المملكة ودول الخليج . وسعدت عبر المشاركة في مهرجانات متعددة وأسواق متفرقة في مدينة الرياض بالتواصل مع عملائنا الكرام وسماع اقتراحاتهم وأفكارهم فلهم مني كل التقدير والإحترام ..",4.93,14,jMYj6bobVTmT3sLQBkcOqQ==,Gold,أطعمة ومشروبات,FoodAndDrinks,متجر إلكتروني,1010399635,مؤسسة بهارات الدار للتجارة,FALSE,0,0,لم يقم التاجر بإضافة سياسة للاستبدال والاسترجاع,saleh@aldarspices.com.sa,,532001689,FALSE,NA,منطقة الرياض,NA,FALSE,https://maroof-prod.ruh-s3.bluvalt.com/host/6b2aae81-c110-4173-bfd4-b54de8d7d9d8.jpeg,مطبخ ومخبوزات,KitchenAndBakery,NA,NA,NA,NA,NA,NA,NA,NA,NA,NA,NA,NA,NA,NA,https://instagram.com/aldarspices,TRUE,https://twitter.com/aldarspices,TRUE,NA,NA,NA,NA,NA,NA,NA,NA,http://www.aldarspices.com.sa,TRUE,NA,NA,NA,NA
976,0f1fe560-d75a-431e-b946-bc24465d15bd,c2fe45f0-e877-46db-bda7-539c2b1148cd,ورقة عشبة للعطارة,Waraqat Oshbah,متجر لبيع العطارة والمكسرات وزيوت الشعر والكريمات وأيضاً القهوة والتمور,5,2,Hs7gKQOIOoAGepbvHT89Lw==,Gold,أخرى,Other,متجر إلكتروني,1132004991,مؤسسة ورقه عشبه التجارية,FALSE,0,0,لم يقم التاجر بإضافة سياسة للاستبدال والاسترجاع,W.oshbah@gmail.com,,541409909,FALSE,NA,منطقة القصيم,NA,FALSE,https://maroof-prod.ruh-s3.bluvalt.com/host/e70c2985-c863-4da0-b161-fdc9deea6348.png,NA,NA,NA,NA,NA,NA,NA,NA,NA,NA,NA,NA,NA,NA,NA,NA,https://instagram.com/w_oshbah,TRUE,NA,NA,NA,NA,NA,NA,NA,NA,NA,NA,NA,NA,NA,NA,NA,NA
979,568470ce-49fc-4978-a6ba-d5da64b0dc88,b7f70c8a-f63b-40f2-a3d7-e48b3497d736,محمد التويجري للعود,NA,لبيع العود ودهن العود والعطورات,0,0,/ALkI596telSMReAHLIDJg==,Gold,أخرى,Other,متجر إلكتروني,1010892703,مؤسسة محمد عبدالرحمن حمد التويجري التجارية,FALSE,0,0,لم يقم التاجر بإضافة سياسة للاستبدال والاسترجاع,assissons@gmail.com,,530008888,FALSE,NA,منطقة الرياض,NA,FALSE,NA,NA,NA,NA,NA,NA,NA,NA,NA,NA,NA,NA,NA,NA,NA,NA,NA,https://instagram.com/nafhtal3od,TRUE,NA,NA,NA,NA,NA,NA,NA,NA,NA,NA,NA,NA,NA,NA,NA,NA
987,33571b90-3cb4-4004-ab25-694470025264,35510722-f7aa-43aa-9fbb-703b9c660857,فكرة بسيطة لتنظيم الحفلات,Simple idea for event,"نهتم بتغطية الحفلات والمهرجانات والفعاليات والمناسبات العامة والخاصة بنا ..
نحن مؤسسة لتنظيم الحفلات والمهرجانات ( خيام اوروبي - طاولات وكراسي - اضاءة وشاشات LED - وصوتيات ومسارح - العاب خفة ومهرجين و... - فرقة شعبية - بوفية اكلات حجازية طبخ مباشر في الموقع - بوفية مأكولات عالمية ٠٥٥٣٢٩٩٩٣٤",5,1,13g74EuwVPosbCXCcRASbA==,Gold,حفلات,Occasions,متجر إلكتروني,4030166114,مؤسسة فكرة بسيطة لخدمات الاعاشة,FALSE,0,0,لم يقم التاجر بإضافة سياسة للاستبدال والاسترجاع,simple-idea2008@hotmail.com,,553299934,FALSE,NA,منطقة مكة المكرمة,NA,FALSE,https://maroof-prod.ruh-s3.bluvalt.com/host/09fba713-5e8e-4ece-bafc-569e2cc24e04.jpeg,تنسيق مناسبات وحفلات,CoordinationEventsAndOccasions,NA,NA,NA,NA,NA,NA,NA,NA,NA,NA,NA,NA,NA,NA,https://instagram.com/simpleidea_sa,TRUE,NA,NA,NA,NA,NA,NA,NA,NA,NA,NA,NA,NA,NA,NA,NA,NA
992,9b943218-7e63-42c1-94d5-f70f1867bb05,eaaf107c-637b-4460-98f8-3a9c6f05a4fc,محترف البطاقات,TCG Master,"متجر ومركز معتمد لبيع منتجات ومستلزمات الرياضات الذهنية الورقية واللوحية في السعودية وتنظيم البطوللت المعتمدة لها
نشحن منتجاتنا لجميع مناطق السعودية و دول مجلس التعاون",4.71,28,WoFBb6Y06xsCbsduv1kBsA==,Gold,خدمات الأعمال,BusinessServices,متجر إلكتروني,1010553435,شركة محترف البطاقات للتجارة شركة شخص واحد,FALSE,3,7,يجب أن تكون السلعة المراد إرجاعها أو أستبدالها بحالتها الأصلية أو بها عيب تصنيعي مع توفير أصل الفاتورة أو رقمها,info@tcgmaster.com,,563713355,FALSE,الرياض,منطقة الرياض,شارع المهندس مساعد العنقري,FALSE,https://maroof-prod.ruh-s3.bluvalt.com/host/b7bf40be-e0f1-47ed-9b34-0c98a6141c84.png,متاجر إلكترونية,OnlineStores,NA,NA,NA,NA,NA,NA,NA,NA,NA,NA,NA,NA,NA,NA,https://www.instagram.com/tcgmastersa,TRUE,https://twitter.com/tcgmastersa,TRUE,NA,NA,NA,NA,NA,NA,NA,NA,http://tcgmaster.com/,TRUE,NA,NA,NA,NA
1004,5156c2df-133e-4eb0-914b-c66182a3ed56,21a9713b-f2fe-414b-95a1-ae9534d286f6,متجر المنزل,Home Store,متجر متخصص في بيع و تجهيز المنازل بأدوات النظافة و الضيافة الفندقية,0,0,NM4AZFilAaFc1zK3AmhVRA==,Gold,أخرى,Other,متجر إلكتروني,4030218247,مؤسسة العناية بالأسطح للتجارة,TRUE,0,0,لا يمكن الاستبدال او الاسترجاع وفقاً لطبيعة المنتج أو الخدمة المقدمة,Etian_p@outlook.sa,,547165039,FALSE,جدة,منطقة مكة المكرمة,وادي وج,TRUE,https://maroof-prod.ruh-s3.bluvalt.com/host/17057f28-5823-4cfb-ab86-51418710dcf8.jpeg,NA,NA,NA,NA,NA,NA,NA,NA,NA,NA,NA,NA,NA,NA,NA,NA,https://instagram.com/etian_p,TRUE,NA,NA,NA,NA,NA,NA,NA,NA,NA,NA,NA,NA,NA,NA,NA,NA
1008,e44bd696-2e05-4e14-8a4b-88240c023338,NotToMigratee44bd696-2e05-4e14-8a4b-88240c023338,آي ستور,iStore,آي ستور موزع معتمد من ابل لبيع منتجات ابل واكسسواراتها وملحقاتها الاصلية والمعتمدة وصيانتها,4.71,60,N3VaRAvmBUck3tWFjjLdGQ==,Gold,خدمات الأعمال,BusinessServices,متجر إلكتروني,5850037512,شركة آي ستور لتقنية المعلومات,FALSE,1,3,في حالة الطلب من خارج مدينة ابها او جدة حيث تتواجد فروعنا يتم احتساب رسوم توصيل 50 ريال على حساب العميل للإسترجاع أو الإستبدال بشرط يكون المنتج كما هو عليه اثناء الاستلام أما اذا تم الشراء من المدن التي بها فروعنا يتم الاستبدال أو الإسترجاع عن طريق الفرع,info@istore-ksa.com,,563969996,FALSE,جدة,منطقة مكة المكرمة,طريق الامير سلطان,FALSE,https://maroof-prod.ruh-s3.bluvalt.com/host/91d2a9cc-a820-40f8-9fd5-48906110a24f.jpeg,متاجر إلكترونية,OnlineStores,NA,NA,NA,NA,NA,NA,NA,NA,920005808,NA,NA,NA,NA,NA,https://instagram.com/istore.ksa,TRUE,NA,NA,https://apps.apple.com/sa/app/istoreksa/id1448153341?l=ar,TRUE,NA,NA,9.66564E+11,FALSE,NA,NA,https://istore-ksa.com,TRUE,NA,NA,NA,NA
1013,173c35c5-2df7-4e09-bdb6-fe30afc3a9e4,30073c02-474e-4100-875f-45f77cfe51d5,اثني عشر كوب,12 Cups,"متخصصون بمختلف انواع القهوة و أدواتها و طرق تحضيرها

نقوم بتوريد حبوب القهوة والمعدات وصيانتها والتدريب على استخدامها واكسسواراتها للأفراد والشركات وأصحاب المقاهي والمطاعم ",3.37,8,+YmORti3pmC0qQdfKNxHJg==,Gold,أخرى,Other,متجر إلكتروني,1010364052,شركة اثنى عشر كوب المحدوده,FALSE,3,3,"1 يحق للعميل إسترجاع أو تبديل حبوب القهوة في حال عدم شرائها مطحونه خلال ثلاثة أيام من الشراء، مالم يستخدم العميل عشرة بالمائة أو أكثر من وزن القهوة
2 للعميل استرجاع أو تبديل المعدات أو الأدوات أو المكائن خلال سبعة أيام من تاريخ الشراء في حاله عدم الإستخدام و المحافظة على التغليف
3 لا يحق للعميل ارجاع أو استبدال أي أداه صممت خصيصاً لذلك العميل أو تم تصنيعها بناءّ على العميل
4  إذا كانت الاسترجاع أو الإستبدال لبضاعة تم شحنها أو إيصالها للعميل فإن العميل  يتحمل جميع تكاليف الشحن أو التوصيل للبضاعة المستردة أو تبديلها فيما عدا إذا كان سبب الإسترجاع بسبب خطأ البائع بالطلب أو عيب مصنعي",Sales@12cups.com.sa,,550050951,FALSE,الرياض,منطقة الرياض,الملك عبدالعزيز الفرعي,FALSE,https://maroof-prod.ruh-s3.bluvalt.com/host/c2acb4e4-4755-48f5-9567-3c7ec7a6a165.jpg,NA,NA,NA,NA,NA,NA,NA,NA,NA,NA,NA,NA,NA,NA,NA,NA,https://instagram.com/12_cups,TRUE,NA,NA,NA,NA,NA,NA,9.6655E+11,FALSE,NA,NA,http://12cups.com.sa,TRUE,NA,NA,NA,NA
1016,3feccde1-2226-42ab-89fd-3640074b0666,1ca61e62-ef83-4910-9df6-04f557a67add,المسباح,Al Mesbah,أهلاً! نحن المسباح نعمل في مجال السبح وملحقاتها منذ ٢٠١٠م نهتم بأدق التفاصيل لتظهر لكم السبحة بأجمل حلة لها.,5,3,la61p7CX0/j239e/0zrJIQ==,Gold,أخرى,Other,متجر إلكتروني,1010371443,مؤسسة ركن المسباح للتجارة,FALSE,0,0,لم يقم التاجر بإضافة سياسة للاستبدال والاسترجاع,almesbah.store@gmail.com,,533858619,FALSE,NA,منطقة الرياض,NA,FALSE,https://maroof-prod.ruh-s3.bluvalt.com/host/4a3f02d0-7302-4fe9-917a-e037628e22a7.png,NA,NA,NA,NA,NA,NA,NA,NA,NA,NA,NA,NA,NA,NA,NA,NA,https://instagram.com/mesbahstore,TRUE,https://twitter.com/MesbahStore,TRUE,NA,NA,NA,NA,NA,NA,NA,NA,NA,NA,NA,NA,NA,NA
1023,166fb04c-615e-4977-b018-eb0e0abfab6e,96355009-8c70-4a08-a659-c83b08abac89,العناية الفنية لتقنية المعلومات,IT Technical Care,متخصصون في صيانة جميع انواع أجهزة الكمبيوتر المكتبية والاجهزة المحموله وصيانة الجوالات بجميع انواعها,5,1,bokIi6L/rmmoUZBQWhTSMw==,Gold,إلكترونيات,Electronics,متجر إلكتروني,2050100555,مؤسسة العناية الفنية لتقنية المعلومات,FALSE,7,7,0,tcare.ksa.shop@gmail.com,,569844404,FALSE,الدمام,المنطقة الشرقية,طريق الملك فهد بن عبدالعزيز,FALSE,https://maroof-prod.ruh-s3.bluvalt.com/host/c8b0e746-2713-4a80-9f46-12d32bf98110.jpg,إلكترونيات و إكسسوارات,ElectronicsAndAccessories,NA,NA,NA,NA,NA,NA,NA,NA,NA,NA,NA,NA,NA,NA,https://instagram.com/tcare.ksa,FALSE,NA,NA,NA,NA,NA,NA,9.6657E+11,FALSE,NA,NA,https://tcareksa.com/,TRUE,NA,NA,NA,NA
1045,26e49c31-88fd-4ef9-9db5-029172d56389,50061340-170a-4532-b717-1d01aca83ad5,كيوت ستور,Cutestore6,متجر الكتروني متخصص في الشنط والاكسسورات النسائيه  من الماركات العالميه مع التوصيل السريع لكل مدن المملكة,4.9,881,h+9XyC8DKetZy42FfYxR1g==,Gold,الجمال والصحة,BeautyAndHealth,متجر إلكتروني,2251101857,مؤسسة ابداع الاماني للتجارة,FALSE,7,7,يحق للعميل استبدال واسترجاع المنتج خلال سبعة ايام من تاريخ استلام المنتج  برسوم اضافيه بشرط أن يكون المنتج مغلف بحالته الأصلية,aassaa112@hotmail.com,,507147355,FALSE,الهفوف,المنطقة الشرقية,NA,TRUE,https://maroof-prod.ruh-s3.bluvalt.com/host/466ebc55-fb41-4be3-9c5a-d4676dc62c7c.jpg,مستلزمات المرأة,WomenNecessities,NA,NA,NA,NA,NA,NA,NA,NA,NA,NA,NA,NA,NA,NA,https://instagram.com/cutestore6,TRUE,NA,NA,NA,NA,NA,NA,9.66501E+11,FALSE,NA,NA,http://www.cutestore6.com,TRUE,NA,NA,NA,NA
1048,0de1ddcd-01b5-4f1e-a231-37e129741b9e,d3fe421f-fa7d-4dd5-ab64-7048b836b84d,أرقامي لبيع الأرقام المميزة,arQamy,"من خلال موقع (أرقامي) لبيع الأرقام المميزة, يمكنك اختيار رقم (جوال) الذي ترغب بشرائه مع وجود خانة للبحث عن رقم او مقسم معين, ومن ثم الضغط على الرقم المطلوب لمعرفة طريقة التواصل للإتفاق على عملية البيع والتنازل بكل يسر وسهولة.",5,2,ShSLIzMY/uNHqEAAWXddWg==,Gold,خدمات الأعمال,BusinessServices,متجر إلكتروني,1010736029,مؤسسة الأرقام للاتصالات,FALSE,0,0,لم يقم التاجر بإضافة سياسة للاستبدال والاسترجاع,info@arQamy.com,,550333880,FALSE,NA,منطقة الرياض,NA,FALSE,https://maroof-prod.ruh-s3.bluvalt.com/host/3e8987f8-d85a-4f09-ab8f-40fd1d4fd7d6.jpeg,متاجر إلكترونية,OnlineStores,NA,NA,NA,NA,NA,NA,NA,NA,NA,NA,NA,NA,NA,NA,https://instagram.com/arqamy.ksa,TRUE,https://twitter.com/arQamy,TRUE,NA,NA,NA,NA,NA,NA,NA,NA,http://www.arQamy.com,TRUE,NA,NA,NA,NA
1051,e2738f80-33fe-4cf8-87c7-7c32d3cf59af,31a57241-228f-439d-bd73-77d9ce841647,أثيرز,Atheers,"متجر أثيرز للرسم الحي المباشر في المناسبات والايفينتات والزواجات
والزواجات ",0,0,zf8etP1siTJ8rC6ljWKAbg==,Silver,أخرى,Other,متجر إلكتروني,NA,NA,FALSE,3,3,العربون يسترد خلال ٣ ايام فقط,A-moof33@hotmail.com,,556440647,FALSE,الرياض,منطقة الرياض,احمد شطا,TRUE,https://maroof-prod.ruh-s3.bluvalt.com/host/99dabafb-4adc-4f00-9a51-353a7b328de8.png,NA,NA,FL-116283165,Active,2022-03-28,2024-03-28,https://freelance.sa/certificate-validation/certificate-validation-details/FL-116283165,الرسم التشكيلي,التصميم والإبداع,55676,NA,NA,NA,NA,NA,NA,https://instagram.com/atheers_events,TRUE,NA,NA,NA,NA,NA,NA,9.66556E+11,FALSE,NA,NA,NA,NA,NA,NA,NA,NA
1059,3d76cd78-33c6-4744-bcdd-a5a1470b3353,a4d092ca-4227-4f75-94a4-d4149e7d7677,متجر وردة بخور,wardahbokhor,متجر يوفر لكم كل ماهو مميز و مبتكر في عالم العود ومباخر و اكسسوارات فريدة,0,0,AJsETfBnwr3k1RQuOw35Vg==,Silver,خدمات الأعمال,BusinessServices,متجر إلكتروني,NA,NA,TRUE,0,0,لا يمكن الاستبدال او الاسترجاع وفقاً لطبيعة المنتج أو الخدمة المقدمة,Alfawzan100@gmail.com,,552283400,FALSE,الرياض,منطقة الرياض,محمد القصيبي,TRUE,https://maroof-prod.ruh-s3.bluvalt.com/host/13a05fa2-cef7-4dba-8d7c-be86d62b8757.png,متاجر إلكترونية,OnlineStores,0fc21810,Active,2022-08-02,2023-08-02,https://freelance.sa/certificate-validation/certificate-validation-details/0fc21810,بائع عود وبخور ومعمول,بيع منتجات العناية الشخصية والمنزلية,42140,NA,NA,NA,NA,NA,NA,NA,NA,NA,NA,NA,NA,NA,NA,9.66552E+11,FALSE,NA,NA,https://wardahbokhor.com,TRUE,NA,NA,NA,NA
1077,95a644f4-4dc7-4ce2-982e-32fd5e3806a8,ca7b7235-28ed-4f66-a8f5-450dc49eeb8c,هدايا رمضانية,Ramadan gifts,هدايا رمضانية و خدمة تغليف الهدايا بأفكار جديدة و مبتكرة,0,0,y9NcdTE49+Al3Rywauzurg==,Gold,أخرى,Other,متجر إلكتروني,4030351368,مؤسسة زينة و زهر للأفراح و المناسبات,FALSE,0,0,لم يقم التاجر بإضافة سياسة للاستبدال والاسترجاع,Hala.zaini@gmail.com,,569485844,FALSE,NA,منطقة مكة المكرمة,NA,FALSE,https://maroof-prod.ruh-s3.bluvalt.com/host/5ec2c02d-bf56-4e89-8ddd-669b2aaf6421.jpeg,NA,NA,NA,NA,NA,NA,NA,NA,NA,NA,NA,NA,NA,NA,NA,NA,https://instagram.com/a.to.zee,TRUE,NA,NA,NA,NA,NA,NA,NA,NA,NA,NA,NA,NA,NA,NA,NA,NA
1084,1b3341db-e2ad-4518-8091-c80e95ad72cd,771c2e1c-57eb-4004-9656-ee14fe2698a7,نفود,NAFUD,"نفود : هو المتجر الإلكتروني الأول المتخصص في الزي السعودي والذي يقوم ببيع جميع المستلزمات الرجالية من أنواع الأشمغة والأقمشة الرجالية الفاخرة والإكسسوارات وغيرها من احتياجات الرجل السعودي.
ويعتبر موقع نفود أول موقع متخصص بالسعودية وقد حصل الموقع على أتفاقيه حصريه لبيع منتجات شركة نسما شاهين على .",2.41,12,q6NBixpxEKwVmZrwGfpSRA==,Gold,أخرى,Other,متجر إلكتروني,2050206702,شركة متجر نفود لتجارة الجملة والتجزئة,FALSE,0,0,لم يقم التاجر بإضافة سياسة للاستبدال والاسترجاع,Sales@nafud.com,,535598800,FALSE,الدمام,المنطقة الشرقية,الملك خالد,FALSE,https://maroof-prod.ruh-s3.bluvalt.com/host/7565b652-af4c-4a0a-9b36-9489c466b591.png,NA,NA,NA,NA,NA,NA,NA,NA,NA,NA,NA,NA,NA,NA,NA,NA,https://instagram.com/nafudcom,TRUE,https://twitter.com/nafudcom,TRUE,NA,NA,NA,NA,NA,NA,NA,NA,http://www.nafud.com,TRUE,NA,NA,NA,NA
1089,27aca669-6854-46db-952c-6608228fd3a6,560aae9c-9347-49ec-9f42-3b9bb0f99dc3,مؤسسة مسك اللولو للتجارة,MUSK ELLOLO,"نختص بصناعة المنتجات العطرية بتركيبات فريدة نستشف نقائها من حبات اللؤلؤ ومن المسك العتيق
نُصنع في مسك اللؤلؤ منتجات عطرية متنوعة والتي ترتكز في تكوينها على المسك  لننتج باقة من الروائح الفرنسية والشرقية المتميزة",5,3,ND6kc7aLKpPXAqBYFwRLhw==,Gold,أخرى,Other,متجر إلكتروني,1010311811,مؤسسة مسك اللولو للتجاره,FALSE,3,7," الاسترجاع خلال 3 أيام من تاريخ فاتورة الشراء، بشرط أن يكون بحالة جيدة ومغلق مع ارفاق الفاتورة
 الاستبدال خلال7 أيام من تاريخ الشراء إضافة لرسوم 4 ريال ورسوم توصيل 30 ريال بشرط أن يكون المنتج بحاله جيدة ومغلق مع ارفاق الفاتورة
",info@muskellolo.com,,570771210,FALSE,الرياض,منطقة الرياض,NA,TRUE,https://maroof-prod.ruh-s3.bluvalt.com/host/8c099706-c256-495f-99d3-dd2c3c7a0bae.png,NA,NA,NA,NA,NA,NA,NA,NA,NA,NA,NA,NA,NA,NA,NA,NA,https://instagram.com/muskellolo,FALSE,https://twitter.com/MUSKELLOLO,FALSE,NA,NA,NA,NA,9.66571E+11,FALSE,NA,NA,https://salla.sa/muskellolo,TRUE,NA,NA,NA,NA
1096,35d8b93f-21a9-4b92-befe-f5a7b85176be,03e1dbcb-6599-4476-a323-caafb54a72d3,ديكوريزما للديكور,decorezma,تشكيلة واسعة ومتعددة من الديكورات ( ورق حائط تفصيل - ورق حائط كوري - ورق حائط ثلاثي الأبعاد 3d - فوم - بديل الرخام - استيل - أرضيات باركية - ارضيات اطفال - اعمال جبسيه - اعمال دهانات ) .,0,0,cCfFSMZr+o+lQcl6qiqfow==,Gold,أخرى,Other,متجر إلكتروني,4030224706,مؤسسة النخبه المتألقه للتجارة,FALSE,0,0,لم يقم التاجر بإضافة سياسة للاستبدال والاسترجاع,info@decorezma.com,,557773331,FALSE,NA,منطقة مكة المكرمة,NA,FALSE,https://maroof-prod.ruh-s3.bluvalt.com/host/3763f706-5851-45e0-b98d-dc55e72ad3a2.jpeg,NA,NA,NA,NA,NA,NA,NA,NA,NA,NA,NA,NA,NA,NA,NA,NA,https://instagram.com/decorezma,TRUE,https://twitter.com/decorezma,TRUE,NA,NA,NA,NA,NA,NA,NA,NA,http://www.decorezma.com,TRUE,NA,NA,NA,NA
1111,a7c2904b-754f-4aad-84ca-db65878fad18,4e00a81a-787a-4582-909f-5b47c31232a4,وودي,WOODY,بيع و تصميم و تركيب الأثاث المنزلي غرف النوم و غرف المعيشه و غرف الطعام و الاكسسوارات المنزليه و الأثاث الفندقي و الاثاث المكتبي,4.33,6,QtuHxNy5BP48EtOmxgUzfw==,Gold,المنزل,Home,متجر إلكتروني,1010256015,شركة الموسى للتجارة والمقاولات,FALSE,3,7,"سياسة الاستبدال والاسترجاع تتم في حال عدم استلام البضاعة ضمن المدة المصرح بها يستثنى من ذلك وجود عيب مصنعي بعد استلام البضاعة
البضاعة التي يتم عليها تعديل بالمواصفات حسب طلب العميل لا يمكن إخضاعها لسياسة الإرجاع أو الإستبدال لأنها تعتبر أصبحت ملكاً للعميل بهذا التعديل
في حال رغبة العميل الاستبدال او الاسترجاع حسب سياسة الشركة بعد الشحن والتسليم أو أثناء التسليم فيتم خصم مبلغ الشحن من قيمة المبلغ المرتجع للعميل 
في حال تم الدفع عن طريق الشبكة أو إحدى الطرق غير النقدية وطلب العميل استرجاع مبلغه وفق شروط الارجاع فإن المبلغ يتم ارجاعه عن طريق الإدارة المالية بموجب حوالة بنكية أو شيك باسم المشتري خلال 10 أيام من تاريخ طلب الإرجاع مع خصم قيمة رسوم العميلة البنكية أو أي رسوم إدارية في حال كان الدفع عن طريق الفيزا او ماستر كارد
في حال الدفع النقدي لكامل الفاتورة وأراد العميل استرجاع مبلغ الشراء وفق شروط الارجاع فيتم إرجاع المبلغ نقداً إذا كان في نفس اليوم حصراً ولكن إذا جاء العميل في اليوم التالي فإن شروط إرجاع المبلغ تكون عن طريق الإدارة المالية في الشركة ",marketing@woody.com.sa,,555674746,FALSE,الرياض,منطقة الرياض,الدائري الشرقي الفرعي,FALSE,https://maroof-prod.ruh-s3.bluvalt.com/host/73f77518-22eb-4076-9dfd-fb9ba61c5ccf.jpg,أثاث وديكور,FurnitureAndDecoration,NA,NA,NA,NA,NA,NA,NA,NA,NA,NA,NA,NA,NA,NA,https://instagram.com/woody_fur,TRUE,https://twitter.com/WOODY_FUR,TRUE,NA,NA,NA,NA,9.66556E+11,FALSE,NA,NA,https://www.woody.com.sa/,TRUE,NA,NA,NA,NA
1122,35c7fd22-722b-4f73-a36b-98b7f01833fd,b202bd47-08d0-4566-8845-c64c9301061c,متجر النون التاسعة,N9 shop,نوفر كل ماهو جديد من ملابس نسائية وشنط تحاكي الموضة..,5,1,y1tqmrfShpEYzEZPuqaOFQ==,Silver,الجمال والصحة,BeautyAndHealth,متجر إلكتروني,NA,NA,FALSE,0,0,لم يقم التاجر بإضافة سياسة للاستبدال والاسترجاع,nosyshop_2013@hotmail.com,,558035792,FALSE,NA,منطقة الرياض,NA,FALSE,https://maroof-prod.ruh-s3.bluvalt.com/host/1bec1ded-4fec-4e44-b63c-d830ff1056ad.jpeg,مستلزمات المرأة,WomenNecessities,FL-251950129,Active,2021-10-31,2023-10-31,https://freelance.sa/certificate-validation/certificate-validation-details/FL-251950129,ادارة وتنشيط المبيعات,المبيعات والتسويق,47249,NA,NA,NA,NA,NA,NA,https://instagram.com/n9_shop,TRUE,NA,NA,NA,NA,NA,NA,NA,NA,NA,NA,NA,NA,NA,NA,NA,NA
1130,c2991824-2d84-49c1-a7c1-900543015ec8,c0fccc8e-deff-4e0f-af75-8b2651fe5a53,أكاديمية التدريب الشامل,Extensive Training Academy,"أكاديمية التدريب الشامل للتدريب والاستشارات 
والمسجلة بميثاق هيئة الأمم المتحدة والمرخصة من وزارة الثقافة والإعلام السعودية 
والمصدقة من قبل كلية ولدنبرج الدولية للمناهج التدريبية .
www.s3t3.com - www.s3t3.net
الرؤية:
المشاركة في المسؤولية الاجتماعية بالمساهمة بالنهضة التعليمية ومواكبة أحدث التقنيات بمجالات التعليم والتدريب
الرسالة:
  النهوض بالذات واستثمار الطاقات وإطلاق القدرات. 
الأهداف: 
تطوير أدوات وأساليب التدريب المعاصرة، وتوظيفها لخدمة الأداء التدريبي.
خدماتنا: 
إتاحة فرصة التدريب والتعليم المجاني لجميع فئات المجتمع وخاصة ذوي الاحتياجات الخاصة.
أنواع وآلية التدريب: 
1-التدريب عن بعد (من خلال الفصول الافتراضية).
www.s3t3.com
2- التدريب الإلكتروني المستمر (تدريب ذاتي متاح 24 ساعة).
www.s3t3.net",5,1,01lLpiWhsl/pvZdcEF5/6A==,Gold,التعليم,Education,متجر إلكتروني,4030296472,مكتب رام للاستشارات التعليمية والتربوية,FALSE,0,0,لم يقم التاجر بإضافة سياسة للاستبدال والاسترجاع,s3t3@s3t3.com,,544388801,FALSE,NA,منطقة مكة المكرمة,NA,FALSE,https://maroof-prod.ruh-s3.bluvalt.com/host/5841e88b-b4d4-4a78-8a45-70300a97252e.jpg,خدمات أكاديمية,AcademyServices,NA,NA,NA,NA,NA,NA,NA,NA,NA,NA,NA,NA,NA,NA,NA,NA,https://twitter.com/S3t3Net,TRUE,NA,NA,NA,NA,NA,NA,NA,NA,http://s3t3.com/vb/,TRUE,NA,NA,NA,NA
1136,4ce5a6b6-3487-4578-a06e-69fa81742a0f,084c45a2-577c-4d46-992b-ef41c4df3b31,مؤسسة خالد باشماخ,KSB Electrical,"تم تأسيس مؤسسة خالد باشماخ عام 1988م

رقم السجل التجاري 4030060333

النشاط: تجارة الجملة و التجزئة في الكمبيوترات و الإلكترونيات

تقدم مؤسسة خالد باشماخ لعملائها مجموعة شاملة من منتجات الحاسب الآلي و ملحقاتها من كيبلات شبكات و أجهزة ربط. حيث تعتبر المؤسسة رائدة في مجال توريد مستلزمات المشاريع الخاصة و الحكومية من ربط شبكات، تأسيس شبكات، تجهيز معامل، تجهيز مكاتب

تنتهج المؤسسة سياسة تقديم المنتجات ذات الجودة العالية",5,1,8Jfx4ptW2PJJnjzWjokzxg==,Gold,خدمات الأعمال,BusinessServices,متجر إلكتروني,4030060333,مؤسسة خالد سعيد باشماخ الكهربائية,FALSE,0,0,لم يقم التاجر بإضافة سياسة للاستبدال والاسترجاع,mkb@ksbest.com,,503651833,FALSE,NA,منطقة مكة المكرمة,NA,FALSE,https://maroof-prod.ruh-s3.bluvalt.com/host/7858258f-17c8-487e-b0d2-93e71328df21.jpg,متاجر إلكترونية,OnlineStores,NA,NA,NA,NA,NA,NA,NA,NA,NA,NA,NA,NA,NA,NA,https://instagram.com/ksbstores,TRUE,https://twitter.com/ksbstores,TRUE,NA,NA,NA,NA,NA,NA,NA,NA,https://www.ksbstores.com,TRUE,NA,NA,NA,NA
1143,7602b523-08fa-4e16-acde-1b411d210031,0f8c76c4-27f5-41f9-820e-40c171d4b19f,بارتيتو,PARTITO,"”تنظيم وتنسيق جميع المهرجانات والاحتفالات“ حفلات ، أعياد الميلاد، مناسبات ( بلونات ، بلاك لايت ، إضاءات )

0567712301 
Snap:thamer2033
BBM:111123

https://youtu.be/V4JaApNM0jg",3,2,bpX1JEE4IO0hJ5n9Hk36CQ==,Gold,حفلات,Occasions,متجر إلكتروني,4030349570,مؤسسة ثامر عثمان السليماني للهدايا,FALSE,0,0,لم يقم التاجر بإضافة سياسة للاستبدال والاسترجاع,partito35@gmail.com,,567712301,FALSE,NA,منطقة مكة المكرمة,NA,FALSE,https://maroof-prod.ruh-s3.bluvalt.com/host/c08b6399-e11b-400e-9389-99fb4e2bf0d4.jpeg,تنسيق مناسبات وحفلات,CoordinationEventsAndOccasions,NA,NA,NA,NA,NA,NA,NA,NA,NA,NA,NA,NA,NA,NA,https://instagram.com/partito2,TRUE,NA,NA,NA,NA,NA,NA,NA,NA,NA,NA,NA,NA,NA,NA,NA,NA
1147,ab543d18-ebd3-40f3-85ee-f676264a7c3e,fbb4685a-a195-4107-8713-cd77e6e4b1ad,بيوتي اند كيوت ستور,beauty and cute store,متجر متخصص في توفير جميع مستحضرات المكياج والمستوردة من خارج الممكلة,5,1,D6WKr5XYH/0rRmCEK2/mmw==,Gold,الجمال والصحة,BeautyAndHealth,متجر إلكتروني,1010998467,مؤسسة خالد مرزوق العتيبي لمستحضرات التجميل,FALSE,0,0,لم يقم التاجر بإضافة سياسة للاستبدال والاسترجاع,kmotaibi2010@gmail.com,,534012702,FALSE,NA,منطقة الرياض,NA,FALSE,https://maroof-prod.ruh-s3.bluvalt.com/host/88628fd4-4ebd-4aa4-a9f9-546276bd29a8.jpeg,مستلزمات المرأة,WomenNecessities,NA,NA,NA,NA,NA,NA,NA,NA,NA,NA,NA,NA,NA,NA,https://instagram.com/beauty_cute_store,TRUE,NA,NA,NA,NA,NA,NA,NA,NA,NA,NA,NA,NA,NA,NA,NA,NA
1149,e1a0a43c-7fca-44e0-aea7-9d570a2939d3,cd46b28e-ed27-49e8-a60a-cfe4113230fd,روائع,rawayachoclate,متخصصون في الشوكولاته وتجهيز المناسبات,0,0,6j2tnsyy+Bt+g8OnKrv8OA==,Gold,خدمات الأعمال,BusinessServices,متجر إلكتروني,5850103949,مؤسسة روائع للحلويات,FALSE,0,0,لم يقم التاجر بإضافة سياسة للاستبدال والاسترجاع,sa4net@gmail.com,,532278484,FALSE,NA,منطقة عسير,NA,FALSE,https://maroof-prod.ruh-s3.bluvalt.com/host/a6fe848e-884e-4e8b-890d-6c1247daa302.jpg,متاجر إلكترونية,OnlineStores,NA,NA,NA,NA,NA,NA,NA,NA,NA,NA,NA,NA,NA,NA,https://instagram.com/rawayachoclate,TRUE,https://twitter.com/rawayachoclate,TRUE,NA,NA,NA,NA,NA,NA,NA,NA,NA,NA,NA,NA,NA,NA
1156,39d89df5-7bcf-41af-a5cd-e286d962ee13,bacca001-ea59-4686-b245-86e8fe9000b0,اون ديزاين,owndesign,"الفكرة من منتجاتنا هي توفير أفكار لتصاميم فريدة و ملهمة لحضارتنا و متماشية مع الموضة الحديثة
نهدف إلى مزج علامتنا التجارية مع التصاميم التقليدية و المبتكرة لتتماشى مع حياتنا اليومية و تكون ذات إفادة للمتجتمع
نوفر مختلف المنتجات مثل التيشيرتات، الهوديات البلوفرات  القبعات",4.5,10,XzR+LcoiHxoi0AEbF9IWmQ==,Gold,خدمات الأعمال,BusinessServices,متجر إلكتروني,2051058071,مؤسسة تصميم الخاص التجارية,FALSE,3,7,"سياسة الإستبدال والاسترجاع



 سياسة الإستبدال و الاسترجاع تشمل فقط الملابس



 يمكنك الإستبدال خلال 7 يوم من تاريخ الاستلام



يمكنك الاسترجاع خلال 3 ايام من تاريخ الاستلام بشرط ارجاع المنتج لنا و يكون في نفس وضع الشراء",own.design.sa@gmail.com,,530588835,FALSE,الخبر,المنطقة الشرقية,الامير نايف,FALSE,https://maroof-prod.ruh-s3.bluvalt.com/host/76a36960-ce4c-4d8f-b2b7-66718be8aa32.jpeg,متاجر إلكترونية,OnlineStores,NA,NA,NA,NA,NA,NA,NA,NA,NA,NA,NA,NA,NA,NA,https://instagram.com/owndesign09,TRUE,NA,NA,NA,NA,NA,NA,9.66531E+11,FALSE,NA,NA,https://owndesign09.com/,TRUE,NA,NA,NA,NA
1161,77bf7aa8-30dc-4064-a6f1-9a7363a88db7,269bd526-f62e-4066-88bc-1d64392a5293,عطلات المسافر للسفر والسياحة,ALMUSAFIR HOLIDAYS FOR TRAVEL AND TOURISM,"عطلات المسافر للسفر والسياحة
نقدم جميع خدمات السفر والسياحة مثل حجوزات الطيران والشحن والحجوزات الفندقية وتامين خدمات تأجير السيارات وجميع الخدمات المتعلقة بالسفر والسياحة بموجب ترخيص الهيئة العامة للسياحة والتراث الوطني رقم 5003536 فئة التصنيف  أ
وكذلك التسويق الالكتروني لكل ما يحتاجة المسلفر والسائح عبر متجر فلاي 96",4.47,15,piOebMd2ghnBZpSzXAqlYw==,Gold,أخرى,Other,متجر إلكتروني,4032149708,مؤسسة عطلات المسافر للسفر و السياحة,TRUE,0,0,تطبق شروح واحكام الناقل ومكان الاقامة,net@tandt.sa,,539014410,FALSE,الطائف,منطقة مكة المكرمة,NA,TRUE,https://maroof-prod.ruh-s3.bluvalt.com/host/bd397783-4ac5-48de-a510-a4a5cb45ae1f.jpg,NA,NA,NA,NA,NA,NA,NA,NA,NA,NA,920014410,NA,NA,NA,NA,NA,https://instagram.com/almusafirholidays,FALSE,https://twitter.com/almusafirholidy,FALSE,NA,NA,NA,NA,9.6692E+11,FALSE,NA,NA,https://www.almusafirholidays.com,TRUE,NA,NA,NA,NA
1166,6cc37a6c-b277-41c4-8832-9af291272f86,2e83f0c8-fef6-4b02-8d97-11df7c46453f,المفارش العالمية,INTERBEDCOVER,"نحن مؤسسة متخصصه في بيع مفارش السرير مقرنا مدينة الدمام 
يوجد لدينا خدمة توصيل للمنازل داخل الدمام والخبر والقطيف والظهران 
كما يتوفر خدمة شحن لجميع مناطق المملكة ودول الخليج 
للاستفسار 
جوال 0555537588",0,0,ESjnZLW7M7+NATOBvI50fg==,Gold,أخرى,Other,متجر إلكتروني,2050077115,مؤسسة المفارش العالمية التجارية,FALSE,7,7,يسمح بالاستبدال والاسترجاع خلال 7 ايام شرط إرجاع المنتج بحالته الاصليه مع تقديم الفاتوره,interbedcover@gmail.com,,555537588,FALSE,الدمام,المنطقة الشرقية,الخليج,FALSE,https://maroof-prod.ruh-s3.bluvalt.com/host/deecb3d4-1c12-48c0-a541-5733e3370f9b.jpg,NA,NA,NA,NA,NA,NA,NA,NA,NA,NA,NA,NA,NA,NA,NA,NA,https://instagram.com/interbedcover,TRUE,https://twitter.com/interbedcover,TRUE,NA,NA,NA,NA,9.66556E+11,FALSE,NA,NA,http://www.interbedcover.com,TRUE,NA,NA,NA,NA
1169,46c39ab2-5fb6-463b-a59f-48fde2d1d963,92c9cc2c-dc87-4a02-b884-7a5f6ff4d017,موسسة منتوجات حائل,CompanyMantjathail,منتوجات حائل متخصصون بالمنتجات الحائليه من بهارات وصرار بجميع أنواعه والنعناع الجبلي والمغربي الحائلي  والكشنات المميزة والذرور الحائلي  والكليجا الحائلية كما اننا متميزون بالقهوة الخولانية المميزة والخاصه بِنَا وعلى استعداد لتوفير انواع التمور المميزة وحلوة حائل خاصة,4.93,14,MqDVhn8AWP8Wg7kfbA3BpA==,Gold,أطعمة ومشروبات,FoodAndDrinks,متجر إلكتروني,1010413779,مؤسسة منتوجات حائل للتجارة,TRUE,0,0,لا يمكن الاستبدال او الاسترجاع وفقاً لطبيعة المنتج أو الخدمة المقدمة,vbvb.1@hotmail.com,,591118018,FALSE,الرياض,منطقة الرياض,NA,TRUE,https://maroof-prod.ruh-s3.bluvalt.com/host/35cc0285-0aa7-4c70-bcf5-ce0ee130c7c1.jpeg,مطبخ ومخبوزات,KitchenAndBakery,NA,NA,NA,NA,NA,NA,NA,NA,NA,NA,NA,NA,https://www.facebook.com/profile.php?id=100008672835962,TRUE,NA,NA,NA,NA,NA,NA,NA,NA,9.66591E+11,FALSE,NA,NA,http://www.mantjathail.com,TRUE,NA,NA,NA,NA
1179,6774c3e2-cf18-4d4d-b57d-8a3711c0d3f2,ae26e46c-df3e-4956-be77-8617280255c3,كلاسي غاليري,Classy Gallery,"تحف, هدايا , أثاث ومفارش, أواني منزلية",5,1,FOVLi/a5zNSXLtOeX0sWEw==,Gold,أخرى,Other,متجر إلكتروني,2050101982,مؤسسة مختارات راقية للتجارة,FALSE,0,0,لم يقم التاجر بإضافة سياسة للاستبدال والاسترجاع,nashmawi@gmail.com,,503854650,FALSE,NA,المنطقة الشرقية,NA,FALSE,https://maroof-prod.ruh-s3.bluvalt.com/host/cc5d3b8b-50a4-4d7c-9ced-5c0d867eeb7b.png,NA,NA,NA,NA,NA,NA,NA,NA,NA,NA,NA,NA,NA,NA,NA,NA,https://instagram.com/classy_gallery,TRUE,NA,NA,NA,NA,NA,NA,NA,NA,NA,NA,http://www.classy-gallery.com,TRUE,NA,NA,NA,NA
1224,38ad13c4-3a7f-4374-abeb-7cf9b0f3f72e,dcc4a942-0686-4ebd-a292-aa5167dd7c7f,وكالة أي تصميم للدعايةوالإعلان,Any Design advertising,مرحبا .... welcome مؤسسة سعودية تـعمل في مجال الطباعة الرقمية والأوفست والدروع التذكارية والـهدايا الـدعـائـية بـكافـة أشــكالها وأنـواعـها…,0,0,sQAR0ahqeaS7nmDSvpj9nQ==,Gold,خدمات الأعمال,BusinessServices,متجر إلكتروني,1010361692,وكالة اي تصميم للدعاية والاعلان,FALSE,0,0,لم يقم التاجر بإضافة سياسة للاستبدال والاسترجاع,anydesign.sa@gmail.com,,555723044,FALSE,NA,منطقة الرياض,NA,FALSE,https://maroof-prod.ruh-s3.bluvalt.com/host/3d08ca0a-3f4f-4b4a-962e-716451071367.jpeg,تصميم وطباعة,DesignAndPrint,NA,NA,NA,NA,NA,NA,NA,NA,NA,NA,NA,NA,NA,NA,https://instagram.com/anydesign_sa,TRUE,https://twitter.com/anydesign_sa,TRUE,NA,NA,NA,NA,NA,NA,NA,NA,http://www.anydesign.sa,TRUE,NA,NA,NA,NA
1247,a0329a0c-b6dd-4fca-a354-eebcd5acfe82,8dfab46a-0cc4-4cde-94b4-167076d12c4c,مؤسسة بهار اذواق,baharathwaq,"أول برانـد سـعودي منذ 11 سنة بريـادة عـدد مـن الخبيرات السعوديات متخصـص فـي صنـع البهـارات النقية العالمية بـكل حرفيـة وإتقان
كما تتميز  بهار أذواق بتنقية الحبوب وتنظيفها  بعناية فائقة
 للحصول على منتجاتنا من خلال الرابط",5,2,aPTGi4Txf78VKssoSvObwQ==,Gold,أطعمة ومشروبات,FoodAndDrinks,متجر إلكتروني,1010292848,شركة بهار اذواق للتجارة,TRUE,0,0,لا يمكن الاستبدال او الاسترجاع وفقاً لطبيعة المنتج أو الخدمة المقدمة,support@baharathwaq-sa.com,,566161695,FALSE,الرياض,منطقة الرياض,خالد بن الوليد,TRUE,https://maroof-prod.ruh-s3.bluvalt.com/host/12b20413-4daa-43c1-8d8b-38ccd4a59ab1.jpg,مطبخ ومخبوزات,KitchenAndBakery,NA,NA,NA,NA,NA,NA,NA,NA,NA,NA,NA,NA,https://www.facebook.com/baharathwaq/?ref=pages_you_manage,TRUE,https://instagram.com/baharathwaq,TRUE,https://twitter.com/BaharAthwaq,TRUE,NA,NA,NA,NA,9.66566E+11,FALSE,NA,NA,http://www.athwaq.com.sa,TRUE,NA,NA,NA,NA
1253,04c6790a-72d3-443c-9a53-75a548d1d48a,c0590664-bc05-4405-a9fd-4d978c36c9ef,سرايا فلورز,saraya flowers,سرايا فلورز هو مشروع متخصص ببيع الورود الطبيعية والصناعية والمحفوظة وتقديمها بأفضل شكل لجميع المناسبات السعيدة,4.71,7,EQFT+aNp3FsV7yBGxp4vvg==,Gold,حفلات,Occasions,متجر إلكتروني,4030338116,مؤسسة سرايا الزهور للتجارة,FALSE,0,0,لم يقم التاجر بإضافة سياسة للاستبدال والاسترجاع,sarayaflowers@gmail.com,,562320888,FALSE,NA,منطقة مكة المكرمة,NA,FALSE,https://maroof-prod.ruh-s3.bluvalt.com/host/608b8f3b-64e8-4a72-9dd7-77a8a79b019b.jpg,تنسيق مناسبات وحفلات,CoordinationEventsAndOccasions,NA,NA,NA,NA,NA,NA,NA,NA,NA,NA,NA,NA,https://www.facebook.com/571807956318621,TRUE,https://instagram.com/saraya_flowers,TRUE,https://twitter.com/saraya_flowers,TRUE,NA,NA,NA,NA,NA,NA,NA,NA,NA,NA,NA,NA,NA,NA
1271,56445d3c-8a09-43b1-a90c-e9459b665eaf,Duplicate56445d3c-8a09-43b1-a90c-e9459b665eaf,لافند,LAVANDE,تنسيق الزهور وتصميم وتجهيز مناسبات الأفراح و غرف المستشفيات والخطوبة و اثاث المناسبات المختلفة,0,0,6ScvHM5q70X3eugT++iglw==,Gold,حفلات,Occasions,متجر إلكتروني,4030266619,مؤسسة نهاد محمد عيطه التجارية,FALSE,0,0,لم يقم التاجر بإضافة سياسة للاستبدال والاسترجاع,n.aytah@lavande-saudi.com,,504324805,FALSE,NA,منطقة مكة المكرمة,NA,FALSE,https://maroof-prod.ruh-s3.bluvalt.com/host/087e513d-5a60-4897-95ce-c8ffaa439fe5.jpeg,تنسيق مناسبات وحفلات,CoordinationEventsAndOccasions,NA,NA,NA,NA,NA,NA,NA,NA,NA,NA,NA,NA,NA,NA,https://instagram.com/lavande_store,TRUE,NA,NA,NA,NA,NA,NA,NA,NA,NA,NA,http://www.lavande-saudi.com,TRUE,NA,NA,NA,NA
1294,143c758b-86c4-41f1-8f28-2d356479fd79,2aef9513-21dc-447e-93af-a673775f94d9,متجر الصالح,AlSaleh Store,بيع مفارش نوم,4.78,140,9qUjYgyePmWAtwWS7ODXxw==,Gold,أخرى,Other,متجر إلكتروني,3350104782,محل محمد حمود الصالح للمفروشات,FALSE,0,0,لم يقم التاجر بإضافة سياسة للاستبدال والاسترجاع,alsaleh.store@gmail.com,,504877334,FALSE,NA,منطقة القصيم,NA,FALSE,https://maroof-prod.ruh-s3.bluvalt.com/host/aa2c7f46-4280-404e-b193-ffa5e673fa3b.png,NA,NA,NA,NA,NA,NA,NA,NA,NA,NA,NA,NA,NA,NA,NA,NA,https://instagram.com/alsaleh.store,TRUE,NA,NA,NA,NA,NA,NA,NA,NA,NA,NA,https://Alsaleh.store,TRUE,NA,NA,NA,NA
1299,f3b5781a-a8c7-48eb-93ec-3d38ebe76359,916a18a6-8d73-4e76-bfad-f596c0f92d9e,مملكة العمران للديكور,Kingdom emran,"تصميم الديكور الداخلي و الخارجي
ورق جدران-ارضيات باركبه- دهانات-تنفيذ-واشراف-مناقصات حكومية",0,0,20mW1BL+ARGMKAINXJ2m5Q==,Gold,أخرى,Other,متجر إلكتروني,4030204129,مؤسسةمملكةالعمران للمقاولات والديكور,FALSE,0,0,لم يقم التاجر بإضافة سياسة للاستبدال والاسترجاع,Sultan-batarfi@hotmail.com,,506010405,FALSE,NA,منطقة مكة المكرمة,NA,FALSE,https://maroof-prod.ruh-s3.bluvalt.com/host/34765783-5a40-4f3e-bd7f-b8bcde6ef929.png,NA,NA,NA,NA,NA,NA,NA,NA,NA,NA,NA,NA,NA,NA,NA,NA,https://instagram.com/decor_4u_,TRUE,NA,NA,NA,NA,NA,NA,NA,NA,NA,NA,NA,NA,NA,NA,NA,NA
1304,2fe44ec1-9ad2-4c3f-a3fb-c610c2ae3687,35da114b-26ae-4062-b14c-1d20479672c0,مؤسسة سالم عمر سالم العوبثاني التجارية,Salem Omar Salem Al Obthani Trading Est,متخصصون في بيع قطع غيار السيارات والكماليات المنزليه والعطور والهدايا اكسسوارات الجوال والعناية الشخصية لاصقات الظهر,0,0,RForVoshGdTL7QkIOBITtA==,Gold,خدمات الأعمال,BusinessServices,متجر إلكتروني,1010473823,مؤسسة سالم عمر سالم العوبثاني التجارية,TRUE,0,0,لا يمكن الاستبدال او الاسترجاع وفقاً لطبيعة المنتج أو الخدمة المقدمة,ksa00017@yahoo.com,,554482577,FALSE,الرياض,منطقة الرياض,,TRUE,NA,متاجر إلكترونية,OnlineStores,NA,NA,NA,NA,NA,NA,NA,NA,NA,المربع,161,NA,https://www.facebook.com/1703932036545127,TRUE,https://instagram.com/saliem2222,TRUE,NA,NA,NA,NA,NA,NA,9.66554E+11,FALSE,NA,NA,https://salla.sa/alawbthanye,TRUE,NA,NA,NA,NA
1305,92995e9e-3692-42b4-aed8-bf02cdd9cfb9,7636ade0-60ba-45bb-9b22-47176c40e005,محركات السرعة,Speed Motors,"بيع قطع غيار سيارات هيونداي وكيا
بيع الزيوت المواد الاضافية",5,2,aISTuBtA0sQIUUWLRnnUug==,Gold,خدمات الأعمال,BusinessServices,متجر إلكتروني,4650054263,مؤسسة محركات السرعة للتجارة,FALSE,7,7,"
شروط الإرجاع
الارجاع يجب ان يكون خلال 7 ايام
يجب ان يكون المنتج بحالته الاصلية ولم يستخدم وبغلافه كما تم استلامه 
منتجات محددة مثل القطع الكهربائية والحساسات لا يمكن إرجاعها  الا في بعض القطع التى نستطيع معرفة أنها لم تستخدم 
القطع التالفة او المعيبة يجب ابلاغ خدمة العملاء خلال 24 ساعة من استلام الطلب 
منتجات تم العبث أو إزالة أرقامها التسلسلية
الزيوت والسوائل يجب ارجاعها خلال 24 ساعة لضمان عدم تعرضها لسوء التخزين

يتم خصم قيمة الشحن كاملة من العميل عند الإرجاع
يتحمل المتجر قيمة الشحن اذا كان الخطاء من المتجر
يتم خصم كامل مصاريف الشحن والراجاع ورسوم الدفع من العميل في حال عدم استلام الشحنة او الارجاع

لطلب الغاء او ارجاع
ارسل رقم الطلب
على الواتساب 0544449138
وتوضيح سبب الارجاع",haikaly_6165@hotmail.com,,544449138,FALSE,المدينة المنورة,منطقة المدينة المنورة,الملك عبدالله الفرعي,TRUE,https://maroof-prod.ruh-s3.bluvalt.com/host/a2ed5258-3bf0-4801-8ba1-45c6369c2417.jpeg,متاجر إلكترونية,OnlineStores,NA,NA,NA,NA,NA,NA,NA,NA,NA,NA,NA,NA,NA,NA,NA,NA,NA,NA,NA,NA,NA,NA,9.66561E+11,FALSE,NA,NA,https://speedbkh.com/,TRUE,NA,NA,NA,NA
1313,c6d3a5b8-72a7-4b6a-99bf-4d176ffb6fdc,02fb80bd-4edd-4145-b7b8-79456ded687f,ورد طبيعي,Aou gif1,"تجارة الورد الطبيعي و تنسيقه
حساب مهتم بالورد وتنسيقه🌹🎁 نوفر الورد الطبيعي بالجمله
مع خدمة التوصيل داخل الرياض/جميع مدن المملكة العربية السعودية",5,1,dsUVHCRE/0eSW13wFBJgYw==,Gold,حفلات,Occasions,متجر إلكتروني,1010256201,مؤسسة علامه التميز للمقاولات,FALSE,0,0,لم يقم التاجر بإضافة سياسة للاستبدال والاسترجاع,excellence.roses@gmail.com,,504425770,FALSE,NA,منطقة الرياض,NA,FALSE,https://maroof-prod.ruh-s3.bluvalt.com/host/1b3e0eb3-3e15-492c-9b47-d7fe52f8266d.jpeg,تنسيق مناسبات وحفلات,CoordinationEventsAndOccasions,NA,NA,NA,NA,NA,NA,NA,NA,NA,NA,NA,NA,NA,NA,NA,NA,https://twitter.com/aou_gif1,TRUE,NA,NA,NA,NA,NA,NA,NA,NA,NA,NA,NA,NA,NA,NA
1316,8278aa21-6d13-443d-9080-479616da083f,66d0788f-4d59-463b-be6c-0091d800f490,متجر بافيا 1,Pavia store 1,مكياج وعناية شخصية,0,0,MC8tt1ibcVsQmWkj8gzPGg==,Silver,الجمال والصحة,BeautyAndHealth,متجر إلكتروني,NA,NA,TRUE,0,0,لا يمكن الاستبدال او الاسترجاع وفقاً لطبيعة المنتج أو الخدمة المقدمة,h999g@hotmail.com,,550859458,FALSE,الرياض,منطقة الرياض,سويقة,TRUE,https://maroof-prod.ruh-s3.bluvalt.com/host/87a7f931-0320-4d1d-a64b-8373c4608a65.png,مستلزمات المرأة,WomenNecessities,FL-354774063,Active,2022-01-05,2024-01-05,https://freelance.sa/certificate-validation/certificate-validation-details/FL-354774063,ادارة وتنشيط المبيعات,المبيعات والتسويق,46589,NA,طويق,231,NA,NA,NA,https://instagram.com/paviasa,FALSE,NA,NA,NA,NA,NA,NA,NA,NA,NA,NA,https://paviasa.com,TRUE,NA,NA,NA,NA
1318,cf8cc715-2953-4118-bb23-e8c69fe23eb1,NotToMigratecf8cc715-2953-4118-bb23-e8c69fe23eb1,مؤسسة غذاء الطبيعة التجارية,Natures Food Est Trading," الوكيل الحصري في الخليج لـ شركة TranzAlpine النيوزيلندية وشركة BREZZO الإيطالية

شركة TranzAlpine النيوزيلندية
متخصصة في إنتاج العسل العضوي والمكمّلات الغذائية وأهم الأنواع التي تنتجها  والأكثر شهرة عالمياً هو عسل مانوكا والعسل الجبلي وعسل زهرة كاماهي المميزة

شركة BREEZO  الإيطالية
شركة متخصصة بإنتاج الأغذية الطبيعية والعضوية  ومنها العسل الطبيعي الخام والغير معالج بالحرارة ذو الجودة العالية ",0,0,z97mD9L93Oy1W09JVarm/Q==,Gold,خدمات الأعمال,BusinessServices,متجر إلكتروني,1010379295,مؤسسة غذاء الطبيعة التجارية,TRUE,0,0,"نظراً لطبيعة المنتج لا يُسمح باسترجاعه أو استبداله حتى لو لم يتم فتحه
باستثناء المنتجات التي تلفت بسبب عملية الشحن",nature.food.sa@gmail.com,,555152250,FALSE,الرياض,منطقة الرياض,التفاح,TRUE,https://maroof-prod.ruh-s3.bluvalt.com/host/08286afd-e42f-4329-a6b6-56607a5c369b.jpg,متاجر إلكترونية,OnlineStores,NA,NA,NA,NA,NA,NA,NA,NA,NA,NA,NA,NA,https://www.facebook.com/app_scoped_user_id/843692475807655/,TRUE,NA,NA,NA,NA,NA,NA,NA,NA,9.66555E+11,FALSE,https://t.me/natures_food,FALSE,https://naturesfood.sa/,TRUE,NA,NA,NA,NA
1322,0e1ac8b0-81c8-4374-891d-f8645233fed5,da9bb821-3c4c-49f6-82f4-63d2549ca983,مؤسسة الخبير العربية للمقاولات,ARABIAN EXPERT CONTRACTING EST,مقاولات عامة,0,0,2UBI3h1pD4AATNBP2cE8OQ==,Gold,أخرى,Other,متجر إلكتروني,4030276200,مؤسسة الخبير العربية للمقاولات,FALSE,0,0,لم يقم التاجر بإضافة سياسة للاستبدال والاسترجاع,ceo1.aec@gmail.com,,507703263,FALSE,NA,منطقة مكة المكرمة,NA,FALSE,NA,NA,NA,NA,NA,NA,NA,NA,NA,NA,NA,NA,NA,NA,NA,NA,NA,NA,NA,NA,NA,NA,NA,NA,NA,NA,NA,NA,NA,NA,NA,NA,NA,NA,NA
1323,a8fd36ff-ab40-432a-a5b1-aca734c01df9,58bd3b1c-167e-465c-8364-fc92974cf0d6,هاجر آرت,Hajer Art,هدايا ومطبوعات بالخط العربي ( دمج الصيني بالعربي بأسلوب هاجر ارت ) وفنون مختلفه تخدم الهدايا العربية,4.9,146,vLp8NlTRaWehFAZu1ZW4IQ==,Gold,خدمات الأعمال,BusinessServices,متجر إلكتروني,1010393958,مؤسسة فنون هاجر للتجارة,FALSE,0,0,لم يقم التاجر بإضافة سياسة للاستبدال والاسترجاع,hajer.e.alawadh@gmail.com,,561348000,FALSE,NA,منطقة الرياض,NA,FALSE,https://maroof-prod.ruh-s3.bluvalt.com/host/c47c7c07-9cda-46e9-a369-1b4637b912ab.jpeg,تصميم وطباعة,DesignAndPrint,NA,NA,NA,NA,NA,NA,NA,NA,NA,NA,NA,NA,NA,NA,https://instagram.com/hajer_art_sales,TRUE,NA,NA,NA,NA,NA,NA,NA,NA,NA,NA,NA,NA,NA,NA,NA,NA
1333,eb3021ef-a2ea-42dc-aadb-0b9b35e35031,a9b3e27b-9baf-4e7a-a294-486fafd93575,تولة,tolh,هدايا مميزة للعود ودهن العود مع حفر الأسم على التولات والعلب,0,0,naUmZadV//Q6zL9S8prIQg==,Gold,أخرى,Other,متجر إلكتروني,1010512605,مؤسسة أجدى الأستثمارات التجارية,FALSE,0,0,لم يقم التاجر بإضافة سياسة للاستبدال والاسترجاع,ajda.consult@gmail.com,,540250390,FALSE,NA,منطقة الرياض,NA,FALSE,NA,NA,NA,NA,NA,NA,NA,NA,NA,NA,NA,NA,NA,NA,NA,NA,NA,https://instagram.com/toulhstore,TRUE,NA,NA,NA,NA,NA,NA,NA,NA,NA,NA,NA,NA,NA,NA,NA,NA
1345,4a38f9a4-2515-42a8-8230-41f58e605eb2,2241424c-2c8b-4919-9b98-9b96c07d60ca,المعشوق للعود,Almashoq,متجر الكتروني متخصص في بيع العود و الزعفران و العطور والمسابيح  منذ عام 2005,5,13,01Fltto22VEk1A8U+9niSQ==,Gold,أخرى,Other,متجر إلكتروني,1010893480,مؤسسة عبدالله بن محمد بن عبداللطيف المعشوق للعطور,FALSE,0,0,لم يقم التاجر بإضافة سياسة للاستبدال والاسترجاع,almashoq1@hotmail.com,,533003036,FALSE,NA,منطقة الرياض,NA,FALSE,https://maroof-prod.ruh-s3.bluvalt.com/host/8bff4ca1-1a4f-43e6-88cd-a43d2715a67b.jpeg,NA,NA,NA,NA,NA,NA,NA,NA,NA,NA,NA,NA,NA,NA,NA,NA,https://instagram.com/almashoq1,TRUE,https://twitter.com/almashoq11,TRUE,NA,NA,NA,NA,NA,NA,NA,NA,https://almashoq.com,TRUE,NA,NA,NA,NA
1381,582219f9-bceb-4641-932b-defef1539a06,a31646eb-7f0d-4284-9fad-a5e5dac879dc,روديان,Rodyan,بيع الأجهزه الصوتية وتجهيز الأستديوهات الصوتية وصيانة المعدات الصوتية,5,2,0HgkaVtqRDlOR1WnQd9CSA==,Gold,أخرى,Other,متجر إلكتروني,1010320068,مؤسسة روديان للتجارة,FALSE,0,0,لم يقم التاجر بإضافة سياسة للاستبدال والاسترجاع,info@rodyan.com,,553235060,FALSE,NA,منطقة الرياض,NA,FALSE,https://maroof-prod.ruh-s3.bluvalt.com/host/27c0cb33-6e16-4ff1-be54-b7ad5caf0ec0.jpeg,NA,NA,NA,NA,NA,NA,NA,NA,NA,NA,NA,NA,NA,NA,NA,NA,https://instagram.com/rodyangroup,TRUE,NA,NA,NA,NA,NA,NA,NA,NA,NA,NA,http://www.rodyan.com/audio/,TRUE,NA,NA,NA,NA
1384,d25513d4-f127-40c8-ae33-11cc2f61971f,2e3247e4-4b28-405c-820a-972924a2cc9f,غلامور بيرفيوم,Glamour perfume,متجر الكتروني لبيع العطور وادوات التجميل المختارة بعناية من الوكلاء المحليين أو المستوردة من أشهر الماركات العالمية بأسعار منافسة جداً -جميع عطورنا إصلية ١٠٠٪‏ ومضمونة ويحق للعميل استعادة المبلغ في حال ثبت خلاف ذلك - خدمة الدفع عند الاستلام,5,2,HfLcAKA5VMnegkD/8w27RQ==,Gold,الجمال والصحة,BeautyAndHealth,متجر إلكتروني,2053101604,مؤسسة سحر العطر التجارية,FALSE,0,0,لم يقم التاجر بإضافة سياسة للاستبدال والاسترجاع,glamourperfume57@gmail.com,,501682912,FALSE,NA,المنطقة الشرقية,NA,FALSE,https://maroof-prod.ruh-s3.bluvalt.com/host/0eafb242-a831-46c5-ae17-0c1f6316b3e9.jpeg,كوافيرة وتجميل,HairAndBeauty,NA,NA,NA,NA,NA,NA,NA,NA,NA,NA,NA,NA,NA,NA,https://instagram.com/glamourperfume2,TRUE,https://twitter.com/glamourperfume2,TRUE,NA,NA,NA,NA,NA,NA,NA,NA,http://Glamourperfume.com,TRUE,NA,NA,NA,NA
1385,6d99634b-77f6-450c-bc3a-02ec0bb9242b,NotToMigrate6d99634b-77f6-450c-bc3a-02ec0bb9242b,ميترا فاست,mitra fast,توصيل طلبات من مزودي الخدمات للعميل,0,0,RcIYtUxhQSNF9zzBirJYOg==,Gold,خدمات الأعمال,BusinessServices,منصة وساطة,4650211870,شركة شراكات للتسويق الالكتروني شركة شخص واحد,FALSE,1,1,حسب نظام وزارة التجارة,mitrafast1@gmail.com,,590954700,FALSE,المدينة المنورة,منطقة المدينة المنورة,بجاد بن عمير,TRUE,https://maroof-prod.ruh-s3.bluvalt.com/host/672d99d7-e8a3-4116-8e93-ae5a083442a7.jpg,متاجر إلكترونية,OnlineStores,NA,NA,NA,NA,NA,NA,NA,NA,NA,NA,NA,NA,https://www.facebook.com/profile.php?id=100075131367366,TRUE,NA,NA,NA,NA,NA,NA,NA,NA,9.66591E+11,FALSE,NA,NA,http://www.mitra-fast.com,TRUE,NA,NA,NA,NA
1392,e008e6f9-c458-4c20-b112-93cbc3c79fda,01601ee6-7ede-448f-9f94-25df3e52a74d,شركة بأغفار للملابس الجاهزة,baghfar company,متخصصون بالداخليات النسائية والجوارب بالجملة,4.33,9,GocRHYeRTbyZH9JwFY860g==,Gold,الجمال والصحة,BeautyAndHealth,متجر إلكتروني,4030146961,شركة احمد يحيى سليمان باغفار للملابس الجاهزة,TRUE,0,0,لا يمكن الاستبدال او الاسترجاع وفقاً لطبيعة المنتج أو الخدمة المقدمة,baghfar_center@yahoo.com,,538847139,FALSE,جدة,منطقة مكة المكرمة,القنفذة,TRUE,https://maroof-prod.ruh-s3.bluvalt.com/host/291d0707-975c-4dfa-bb3e-50e75e7d243e.jpeg,مستلزمات المرأة,WomenNecessities,NA,NA,NA,NA,NA,NA,NA,NA,NA,NA,NA,NA,NA,NA,https://instagram.com/baghfar_center,TRUE,NA,NA,NA,NA,NA,NA,9.66539E+11,FALSE,NA,NA,NA,NA,NA,NA,NA,NA
1404,0ab7e4fc-5b08-4332-84e3-9c2e34d52a73,c47999f2-cd9f-41b8-b668-4109095b6109,حاضر,7ader,"ماهو شعورك عندما تكون بحاجة الى إصلاح شي ما أو ان تكون بحاجة الى عمل ترتيبات في منزلك مثل اصلاح مشكلة كهرباء أو مشكلة سباكة أو عمل حفلة ميلاد لطفلك وكنت في حيرة من امرك الى أين تذهب أو من تحضر من مزودي الخدمة الموثوق في عملهم وجودته.
حاضر هو الحل المناسب لترتيب كل هذا بالنسبة لك من خلال لمسة واحدة . حاضر هو منصة رقمية تم تهيئتها لقاطني المنازل لطلب الخدمات التي يرغبونها لكي يتم خدمتهم وهم في منازلهم ويوفر عليهم الجهد والوقت لإنجاز الخدمات المنزلية التي يرغبونها بدءا من الإصلاح و الصيانة ونقل العفش، والخدمات التعليمية ، احضار جليسة اطفال و خادمة ، تجهيز أي احتفالاتاعياد ميلاد او خطوبة او غيرها من المناسبات والعيد من الخدمات التي يحتاجها أي شخص لكي يتم تقديمها له في منزله. . تم تصميم حاضر باستخدام أحدث التقنيات لإعادة هيكلة وتنظيم سوق الخدمات السكنية الغير منظم في المملكة العربية السعودية.",0,0,kEpqzEMTrmFHBAA/3NXD/w==,Gold,خدمات الأعمال,BusinessServices,متجر إلكتروني,4030352106,شركة مشورة تقنية لتقنية المعلومات,FALSE,0,0,لم يقم التاجر بإضافة سياسة للاستبدال والاسترجاع,info@7ader.online,,590009551,FALSE,NA,منطقة مكة المكرمة,NA,FALSE,https://maroof-prod.ruh-s3.bluvalt.com/host/010dfd42-8b60-4df1-9432-e9ecc751bfd7.jpeg,حلول إلكترونية,ElectronicSolutions,NA,NA,NA,NA,NA,NA,NA,NA,NA,NA,NA,NA,NA,NA,https://instagram.com/7ader_online,TRUE,https://twitter.com/7ader_online,TRUE,NA,NA,NA,NA,NA,NA,NA,NA,http://www.7ader.online,TRUE,NA,NA,NA,NA
1405,edfc805b-0471-46ff-87b1-28cac713cc45,96726b8a-f237-4fac-84db-9c838dcb1455,الحميضي للساعات,Alhomaidhi watches,متخصصون في بيع الساعات والمجوهرات ووكلاء كثير من الماركات العالمية في المملكة العربية السعودية .,2.71,7,hT4QqaGT5HbC594rahpXiQ==,Gold,أخرى,Other,متجر إلكتروني,1010113519,محلات سلطان عبدالعزيز الحميضي للساعات,FALSE,1,3,يوم واحد لإسترجاع المنتج وثلاث أيام لإستبدال المنتج بشرط أن يتم إرجاع المنتج بنفس حالته عند شرائه,Alhomaidhiwatch@gmail.com,,551177776,FALSE,الرياض,منطقة الرياض,الأمير مشعل بن عبدالعزيز,FALSE,https://maroof-prod.ruh-s3.bluvalt.com/host/0b189562-4285-498a-89fc-4e8a8e6fcfab.jpeg,NA,NA,NA,NA,NA,NA,NA,NA,NA,NA,NA,NA,NA,NA,NA,NA,https://instagram.com/alhomaidhi_watch,TRUE,https://twitter.com/alhomidhiwatch,TRUE,NA,NA,NA,NA,NA,NA,NA,NA,https://alhomaidhiwatch.com/,TRUE,NA,NA,NA,NA
1424,77c7c13b-86c2-4c82-b931-9352c5a87871,1e0f0c41-a8db-4409-8482-8f04b236422f,أحذية سايدووك,SIDEWALK,سايدووك ماركة متخصصة في الأحذية البرازيلية الرجالية والنسائية والمصنعه من جلد طبيعي وبأعلى معايير الجوده لنضمن جودة المنتج المقدم,3,2,hPyW3Ugk9Uv9Yx+4EVoeJg==,Gold,أخرى,Other,متجر إلكتروني,1010303355,مؤسسة خطوات الرمال للتجارة,FALSE,1,3,بالشراء من المتجر الالكتروني الاستبدال والاسترجاع خلال 7 أيام من إستلام الطلب,info@sidewalk.sa,,556118076,FALSE,الرياض,منطقة الرياض,طريق العروبة,FALSE,https://maroof-prod.ruh-s3.bluvalt.com/host/ad44a281-3c36-44a1-9005-c072e4a7a310.jpeg,NA,NA,NA,NA,NA,NA,NA,NA,NA,NA,NA,NA,NA,NA,NA,NA,https://instagram.com/sidewalkarabia,TRUE,https://twitter.com/SidewalkArabia,TRUE,NA,NA,NA,NA,9.66556E+11,FALSE,NA,NA,http://www.sidewalk.sa,TRUE,NA,NA,NA,NA
1428,d4dfcee9-2434-47e6-8f78-d69f2695479f,8fb4a9e3-f32b-44bd-9280-5bf1750812e1,ماركات أمريكية بأقل الأسعار,Markatsa,ماركات أمريكية بأقل الأسعار,4.86,301,/+32FNTOSq4ntxKUxxNKzw==,Gold,خدمات الأعمال,BusinessServices,متجر إلكتروني,1131291603,شركة الفريدة المتألقة للتجارة,FALSE,3,3,"يحق للعميل استبدال القطعة أو استرجاعها بكامل المبلغ فقط في حال وجود خلل خارجي في القطعة مثلًا تلف أو خدش  بشرط إشعار المتجر  من خلال وسائل التواصل المتاحة خلال ثلاثة أيام عمل من استلام الطلب
يحق للعميل استرجاع و استبدال القطعة خلال ثلاثة أيام عمل على أن يتحمل مبلغ الشحن لإرجاع الشحنة ومبلغ إرسال الشحنة ورسوم الدفع الالكتروني",Info@markat.sa,,534483120,FALSE,بريدة,منطقة القصيم,طريق عثمان بن عفان,TRUE,https://maroof-prod.ruh-s3.bluvalt.com/host/de1129a2-fc06-4c8f-97b7-21930d3a823e.jpeg,متاجر إلكترونية,OnlineStores,NA,NA,NA,NA,NA,NA,NA,NA,NA,NA,NA,NA,NA,NA,https://instagram.com/markat.sa1,FALSE,NA,NA,NA,NA,NA,NA,9.66555E+11,FALSE,NA,NA,https://markat.sa,TRUE,NA,NA,NA,NA
1449,3b83915a-c9ed-4f9e-b834-7841b4269c47,3ad007d5-b2bc-4d3e-9ec4-8769098b5e62,الاستايل الذهبي,GOLDEN STYLE,"فساتين - تيشرتات - بلايز - جزم - شنط
كل جديد من عالم الموضه الكوريه والعالميه",5,3,a0iTos8L/BBYPF6cuPFZNw==,Gold,الجمال والصحة,BeautyAndHealth,متجر إلكتروني,1132103081,مؤسسة الاسلوب الذهبي للتجارة,FALSE,0,0,لم يقم التاجر بإضافة سياسة للاستبدال والاسترجاع,golden.style1437@gmail.com,,566681115,FALSE,NA,منطقة القصيم,NA,FALSE,https://maroof-prod.ruh-s3.bluvalt.com/host/2068f6f9-7e5f-4f0a-a84e-f16c5e9c0a1c.jpeg,مستلزمات المرأة,WomenNecessities,NA,NA,NA,NA,NA,NA,NA,NA,NA,NA,NA,NA,NA,NA,https://instagram.com/golden.style1,TRUE,NA,NA,NA,NA,NA,NA,NA,NA,NA,NA,NA,NA,NA,NA,NA,NA
1460,deace6a4-ef50-46f1-8106-3df5d25f24cb,b705f6f5-1ea0-4aa8-9bd9-13a0ad538508,متجر ألعاب الذكاء,Games Smart,"بيع ألعاب تنميه الذكاء والمواهب 
وإكسسوارات الجولات",0,0,X7EQndBdirZZWxppmLM4TQ==,Gold,خدمات الأعمال,BusinessServices,متجر إلكتروني,4031081040,مؤسسة وكن التقنية للتجارة,FALSE,0,0,لم يقم التاجر بإضافة سياسة للاستبدال والاسترجاع,a1s1a@hotmail.com,,500565220,FALSE,NA,منطقة مكة المكرمة,NA,FALSE,https://maroof-prod.ruh-s3.bluvalt.com/host/4272bb97-a38d-4d40-88a6-813df042f649.jpeg,متاجر إلكترونية,OnlineStores,NA,NA,NA,NA,NA,NA,NA,NA,NA,NA,NA,NA,NA,NA,https://instagram.com/games_smart,TRUE,NA,NA,NA,NA,NA,NA,NA,NA,NA,NA,NA,NA,NA,NA,NA,NA
1468,58ec83a4-5d71-4125-aed8-8fe1ea9b0f90,e4a69f25-faf7-4293-840e-eb50d12c8bb5,متجر مشعل,Mishal Store,متجر الكتروني لتسويق و بيع المنتجات على شبكة الانترنت,0,0,TY/beg9wO5m8i53cl+25QQ==,Silver,خدمات الأعمال,BusinessServices,متجر إلكتروني,NA,NA,FALSE,3,7,يشترط عدم استخدام المنتج,Mishal-E@outlook.sa,,506855215,TRUE,الجبيل,المنطقة الشرقية,العذيب 3,TRUE,https://maroof-prod.ruh-s3.bluvalt.com/host/c96f9fbf-c6e8-477e-8ff0-544f628baf0b.jpeg,متاجر إلكترونية,OnlineStores,FL-631202857,Active,2023-06-14,2024-06-14,https://freelance.sa/certificate-validation/certificate-validation-details/FL-631202857,ادارة وتنشيط المبيعات,المبيعات والتسويق,52620,506855215,جلمودة,1090,NA,NA,NA,https://instagram.com/mishal_ei,FALSE,https://twitter.com/Mishal_Ei,FALSE,NA,NA,NA,NA,9.66507E+11,FALSE,https://t.me/Mishal_E,FALSE,https://mishal-e.sa/,TRUE,NA,NA,NA,NA
1491,bb2d8888-509d-4bc0-ba1d-1a607586f24f,ef0d53cd-fdd6-4cf4-b9df-3a9b63a4d49a,جلامور بيوتي,glamourbeauty,"متجر سعودي مهتم بمستحضرات التجميل والعناية 
يشرف عليه طاقم من الشباب السعودي المتخصص في إستيراد أحدث وأرقى مستحضرات التجميل بأسعار تناسب جميع الفئات
انطلق المتجر في ٢٠١٢ ويخدم اكثر من 150000 الف عميل وأكثر من 5000 منتج

يتميز متجر جلامور بيوتي بمميزات عديدة منها :
منتجات اصلية 100%
توصيل وشحن مجاني
دفع عند التسليم 
برنامج مكافآت
خدمة عملاء على مدار الاسبوع",4.97,371,hD0hduc8DyY09biaPQJz/w==,Gold,خدمات الأعمال,BusinessServices,متجر إلكتروني,4030276494,مؤسسة سحر المتكامله التجارية,FALSE,0,0,لم يقم التاجر بإضافة سياسة للاستبدال والاسترجاع,info@glamourbeauty.net,,599666674,FALSE,NA,منطقة مكة المكرمة,NA,FALSE,https://maroof-prod.ruh-s3.bluvalt.com/host/2473eadc-04fe-490d-864d-e26685a7080a.png,متاجر إلكترونية,OnlineStores,NA,NA,NA,NA,NA,NA,NA,NA,NA,NA,NA,NA,NA,NA,https://instagram.com/glamourbeautysa,TRUE,https://twitter.com/glamfactoryksa,TRUE,NA,NA,NA,NA,NA,NA,NA,NA,https://glamourbeauty.com,TRUE,NA,NA,NA,NA
1508,777c5633-abe7-411b-b10a-682b020720a9,7c312f3b-f287-45f4-861c-13a4105ed455,وليد بن غازي عبدالله برديسي,Waleed Ghazi Bardise,تسويق أصناف متعددة إلكترونياً عن طريق المواقع الإلكترونية,0,0,iZYECO7gS/Sa2ZqtQsJdQA==,Silver,خدمات الأعمال,BusinessServices,متجر إلكتروني,NA,NA,FALSE,3,5,"1 يحق للمستهلك الاستبدال والاسترجاع في الأيام المحددة لسياسة المنشأة
2 يحق لكل منشأة وضع سياسة استبدال واسترجاع خاصة بها
3 يمنع وضع عبارة البضاعة المبيعة لا ترد ولا تستبدل
4 إذا كانت السلعة معيبة أو مقلدة أو غير مطابقة للمواصفات فإن للمستهلك الحق بالاسترجاع أو الاستبدال بأي وقت دون الالتزام بسياسة المنشأة",al-bardise@hotmail.com,,555614424,FALSE,مكة المكرمة,منطقة مكة المكرمة,أم القرى,TRUE,NA,متاجر إلكترونية,OnlineStores,FL-104141793,Active,2022-10-11,2023-10-11,https://freelance.sa/certificate-validation/certificate-validation-details/FL-104141793,ادارة وتنشيط المبيعات,المبيعات والتسويق,26346,NA,NA,NA,NA,https://www.facebook.com/1721277274783969,TRUE,https://instagram.com/albardise,TRUE,NA,NA,NA,NA,NA,NA,9.66556E+11,FALSE,NA,NA,NA,NA,NA,NA,NA,NA
1511,cc0d3c01-4515-4d65-aa7e-95b582f62d5e,9183eada-5f69-476d-8c09-02e201b89934,الفرسان,ALFURSAN SA,"خدمات الدعاية والإعلان
 وإدارة وتوجيه الأعمال وتفعيل النشاط المكتبي",0,0,aKEXYok9HLn0kca2f/2Qvw==,Gold,خدمات الأعمال,BusinessServices,متجر إلكتروني,4032147813,مؤسسة تقنية الفرسان التجارية,FALSE,3,2,البضائع المطبوعة لا تعاد,saleh@alfursan.com.sa,,581166006,FALSE,الطائف,منطقة مكة المكرمة,الرياض,FALSE,https://maroof-prod.ruh-s3.bluvalt.com/host/389b8c6d-7743-4bf5-8740-4456f040530a.jpg,تصميم وطباعة,DesignAndPrint,NA,NA,NA,NA,NA,NA,NA,NA,NA,NA,NA,NA,NA,NA,https://instagram.com/alfursan_ksa,TRUE,https://twitter.com/ALFURSAN_KSA,TRUE,NA,NA,NA,NA,9.66581E+11,FALSE,NA,NA,https://alfursan.com.sa,TRUE,NA,NA,NA,NA
1517,9a10dfcf-98f4-4fac-91ce-daafe866ce12,b9227ee3-c714-4870-ad71-8ace49acbc8f,مؤسسة متاجرالرياض للاتصالات,Riyadhstore,"مؤسسة متاجر الرياض للاتصالات 
بيع منتجات  الاصلية  للاكسسوارات الاجهزة الذكية
منتجات انكر  ومنتجات Tplink وغيرها الاصلية ، اجهزة ، برمجة 
راوترات منزلية ومتنقله واصدار شرائح اتصال وبيانات 

تواصل واتس لطلب المنتجات 0558223411",4.67,12,c9sKIi7cMiLo/G8tlNfb1g==,Gold,إلكترونيات,Electronics,متجر إلكتروني,1010484448,مؤسسة متاجر الرياض للاتصالات,FALSE,0,0,لم يقم التاجر بإضافة سياسة للاستبدال والاسترجاع,riyadhstore4@gmail.com,,558223411,FALSE,الرياض,منطقة الرياض,الصحابه 75,FALSE,https://maroof-prod.ruh-s3.bluvalt.com/host/e0b860ce-43be-48f1-bd2a-a34f36d71158.jpg,إلكترونيات و إكسسوارات,ElectronicsAndAccessories,NA,NA,NA,NA,NA,NA,NA,NA,NA,NA,NA,NA,NA,NA,https://instagram.com/riyadhstore,TRUE,https://twitter.com/RiyadhStore,TRUE,NA,NA,NA,NA,NA,NA,NA,NA,https://salla.sa/riyadhstore,TRUE,NA,NA,NA,NA
1525,cde8910a-f049-413a-8cab-db86016cd378,365d58eb-3c15-4916-b4d4-226d87dad376,مؤسسة عالم المكملات الغذائية,world of dietary supplements,بيع المكملات الغذائية والبروتينات والاغذية الخاصة للرياضيين واصحاب الحمية,0,0,21Q1QKZIqwUrm14Bb+FanA==,Gold,أخرى,Other,متجر إلكتروني,1010997830,مؤسسة عالم المكملات الغذائية التجارية,FALSE,0,0,لم يقم التاجر بإضافة سياسة للاستبدال والاسترجاع,turki77777@hotmail.com,,556060990,FALSE,NA,منطقة نجران,NA,FALSE,https://maroof-prod.ruh-s3.bluvalt.com/host/8132f91b-fe57-4cad-a350-85775af4098e.jpeg,NA,NA,NA,NA,NA,NA,NA,NA,NA,NA,NA,NA,NA,NA,NA,NA,https://www.instagram.com/world_of_supple,TRUE,https://twitter.com/world_of_supple,TRUE,NA,NA,NA,NA,NA,NA,NA,NA,world-of-dietary-supplements.com,TRUE,NA,NA,NA,NA
1528,67f5fe4a-f9d7-4945-bc7e-a1d1d5e62efd,c3ece978-7aab-482b-971d-516a97af1326,المَشوَى العنابي,AlEnnabi Grill,متخصصين بتقديم أطيب المشويات الشامية - لحومنا طازجة ومحلية والنظافة والجودة أولوياتنا - للطلبات الخارجية 0506366224,5,1,3jUP0CuuDAue8GVePp7+Ew==,Gold,أطعمة ومشروبات,FoodAndDrinks,متجر إلكتروني,2051159837,شركة الوسوم العربية التجارية شركة مساهمة سعودية مقفلة,FALSE,0,0,لم يقم التاجر بإضافة سياسة للاستبدال والاسترجاع,alennabigrill@gmail.com,,565111169,FALSE,NA,المنطقة الشرقية,NA,FALSE,https://maroof-prod.ruh-s3.bluvalt.com/host/866c3baf-6961-4f88-b39a-dff33bb759e0.jpeg,مطبخ ومخبوزات,KitchenAndBakery,NA,NA,NA,NA,NA,NA,NA,NA,NA,NA,NA,NA,NA,NA,https://instagram.com/al_ennabi,TRUE,NA,NA,NA,NA,NA,NA,NA,NA,NA,NA,http://www.alennabi.com,TRUE,NA,NA,NA,NA
1529,bc291401-bc6c-4575-aeee-66909a6c774d,bf0f8c65-5fb4-4fc9-879b-69761bab83e8,بهارات الوالده,bharatalwaldah,بهارات الوالدة من المنزل الى المنزل تسعى بهارات الوالده لتقديم كل جديد من التوابل و البهارات لنرتقي الى الافضل وبفضل الله تم توثيق اسمنا كعلامه تجاريه بوازة التجارة برقم1438013519,5,1,D04FPJsCy3Gprfb6np98lg==,Gold,أطعمة ومشروبات,FoodAndDrinks,متجر إلكتروني,1010414690,مؤسسة بهارات الوالده للتجارة,TRUE,0,0,لا يمكن الاستبدال او الاسترجاع وفقاً لطبيعة المنتج أو الخدمة المقدمة,bharatalwaldah@gmail.com,,557661000,FALSE,الرياض,منطقة الرياض,NA,FALSE,https://maroof-prod.ruh-s3.bluvalt.com/host/06e29a7d-c2b6-44f4-ab88-61b0287b6931.jpg,مطبخ ومخبوزات,KitchenAndBakery,NA,NA,NA,NA,NA,NA,NA,NA,NA,NA,NA,NA,NA,NA,https://instagram.com/bharatalwaldah1,TRUE,https://twitter.com/bharatalwaldah1,TRUE,NA,NA,NA,NA,9.66558E+11,FALSE,NA,NA,http://bharatalwaldah.com,TRUE,NA,NA,NA,NA
1530,eca70fab-bcf7-4c7a-80fa-9bc2557b7fe6,4591ea80-a69c-4a40-8155-f0bde76005cc,الكاميرا والعدسة,Cam and Lens,"تأجير كاميرات وعدسات ومعدات تصوير، وتقديم خدمات التصوير والتصميم والطباعة",4,4,HQjGKWJ32mGK7lkl8EqtxQ==,Gold,خدمات الأعمال,BusinessServices,متجر إلكتروني,1010315696,مؤسسة الكاميراوالعدسه لتقنيه المعلومات,FALSE,0,0,لم يقم التاجر بإضافة سياسة للاستبدال والاسترجاع,camlensme@gmail.com,,555999853,FALSE,NA,منطقة الرياض,NA,FALSE,https://maroof-prod.ruh-s3.bluvalt.com/host/fdb21cc1-3ab2-4944-a044-749801f681fc.jpeg,تصوير,Photography,NA,NA,NA,NA,NA,NA,NA,NA,NA,NA,NA,NA,NA,NA,https://instagram.com/camlens1,TRUE,https://twitter.com/CamLens,TRUE,NA,NA,NA,NA,NA,NA,NA,NA,http://www.camlens.me,TRUE,NA,NA,NA,NA
1540,5e40424d-845d-4035-82fe-59820c0249a9,01d6fadd-fc4f-4e69-80ba-c1cf997b7984,خط التسويق للتسويق الالكتروني,MARKETING LINE,"متخصصون في التسويق الالكتروني
نساعدكم في انشاء خططكم التسويقية 
تسويق عبر منصات التواصل الاجتماعي
Twitter
 Instgram
Google
Facebook
 Snapchat
تسويق عبر SMS
تسويق عبر E
MAIL
تسويق عبر WHATSAPP
",5,3,RE0cl4wRq0IZW6JC/x/TMg==,Gold,خدمات الأعمال,BusinessServices,متجر إلكتروني,4650058790,مؤسسة خط التسويق للخدمات التجارية,FALSE,1,1,الخدمات المقدمة لايمكن استرجاعها بعد البدء فيها,line@line.sa,,580020212,FALSE,المدينة المنورة,منطقة المدينة المنورة,NA,FALSE,https://maroof-prod.ruh-s3.bluvalt.com/host/61d29f16-0e9e-4261-a901-d3c06ab9af2f.png,متاجر إلكترونية,OnlineStores,NA,NA,NA,NA,NA,NA,NA,NA,NA,NA,NA,NA,NA,NA,https://instagram.com/line__sa,TRUE,https://twitter.com/line__sa,TRUE,NA,NA,NA,NA,9.6658E+11,FALSE,NA,NA,http://www.line.sa/,TRUE,NA,NA,NA,NA
1553,a175dafc-23c7-4035-a1a4-b38854be6ce9,b49c1ecc-9b5f-4703-8a17-8fa7e6936384,توبا فاشن,Tuba Fashion,بيع اشغال يدوية متنوعة بالاضافة الى الدمى اليدوية والاكسيسوارات والهدايا,0,0,HxB/IaTzc4dcg8D9dQXetQ==,Silver,خدمات الأعمال,BusinessServices,متجر إلكتروني,NA,NA,TRUE,0,0,لا يمكن الاستبدال او الاسترجاع وفقاً لطبيعة المنتج أو الخدمة المقدمة,Tuba.fashion@gmail.com,,538609375,FALSE,الرياض,منطقة الرياض,عائذ بن ثعلبة,TRUE,https://maroof-prod.ruh-s3.bluvalt.com/host/0f8cc998-fcf2-4fd8-a576-f27eb42402f8.jpeg,متاجر إلكترونية,OnlineStores,FL-515047467,Active,2022-10-24,2023-10-24,https://freelance.sa/certificate-validation/certificate-validation-details/FL-515047467,صانع المشغولات اليدوية,إنتاج المنتجات اليدوية والحرفية غير المتوارثة,26464,NA,NA,NA,NA,NA,NA,NA,NA,NA,NA,NA,NA,NA,NA,9.66539E+11,FALSE,NA,NA,NA,NA,NA,NA,NA,NA
1566,ba606097-1058-4050-aac1-eb380557dd64,88e623b2-681f-48de-93e9-90a480258a79,ملح و مصباح,Salt n Lamp,"اول متجر الكتروني في المملكة العربية السعودية و متخصص في منتجات ملح الهيمالايا الصحي
 حوامل الشموع  ملح الهيمالايا
بلاط ملح الهيمالايا ارضيات و جدران
  اسطح الشوي ملح الهيمالايا
  اسطح مطابخ ملح الهيمالايا 
 غرف ساونا من الملح 
 ملح وردي 
 ملح ابيض",4.33,12,DJjnHRdm0trVSWUVVXF9PQ==,Gold,المنزل,Home,متجر إلكتروني,4650226375,مؤسسة فهد مروان وردي التجارية,FALSE,3,7,يسعدنا في ملح ومصباح اتباع سياسة الاستبدال و الإرجاع المجاني داخل المملكة العربية إن كنت غير راضٍ تماما على المنتج الذي اشتريته في مدة  اقصاها ٧ ايام من استلام المنتج في حال كان المنتج غير مطلوب خصيصا لك او تم تصنيعه خصيصا لك,store@salt.sa,,570001057,FALSE,المدينة المنورة,منطقة المدينة المنورة,NA,TRUE,https://maroof-prod.ruh-s3.bluvalt.com/host/081b6aa2-5b0c-4818-b11e-52866f759f3f.jpg,أثاث وديكور,FurnitureAndDecoration,NA,NA,NA,NA,NA,NA,NA,NA,NA,NA,NA,NA,NA,NA,https://instagram.com/saltnlamp,FALSE,https://twitter.com/saltnlamp,FALSE,NA,NA,NA,NA,9.6657E+11,FALSE,NA,NA,https://salt.sa,TRUE,NA,NA,NA,NA
1570,56849034-4043-46f4-ae6a-6a860cba29a5,67b08de8-8394-442e-93bf-d4e1bbed4fb2,خطوة المسير للعقارات,khutwat,"كل ما يخص العقارات والاستثمارات

تقييم عقاري
0505250620
مبيعات
0532338800
التأجير
0599525099
إدارة الأملاك
0552225585

الهاتف والفاكس
0112316790
0114966689
0114966033",0,0,cQvYB08wgTwlK/LcvdFiRw==,Gold,أخرى,Other,متجر إلكتروني,1010265787,مكتب خطوه المسير للعقارات,FALSE,0,0,لم يقم التاجر بإضافة سياسة للاستبدال والاسترجاع,khutwat@gmail.com,,505250620,FALSE,NA,منطقة الرياض,NA,FALSE,https://maroof-prod.ruh-s3.bluvalt.com/host/090835b3-0c51-43b9-b5f6-3e329cbbc588.jpeg,NA,NA,NA,NA,NA,NA,NA,NA,NA,NA,NA,NA,NA,NA,NA,NA,https://instagram.com/khutwat,TRUE,https://twitter.com/khutwat1,TRUE,NA,NA,NA,NA,NA,NA,NA,NA,NA,NA,NA,NA,NA,NA
1590,b6bd3417-1ad6-4641-a946-9535af7a2fee,e8ed68b3-86c4-487a-8a1d-5aef6627a1ee,سكر ودقيق,sugar and flour,تقديم بسكوت مزين بعجينة السكر بأشكال و ألوان حسب طلب الزبائن لجميع المناسبات . متواجدين في ينبع و بالامكان  الشحن لجميع مدن المملكة عن طريق شركات الشحن . الطلب عن طريق الرسائل النصية او الواتساب,4.89,35,bOUo6K3nyJjHnN4cm0us4A==,Silver,أطعمة ومشروبات,FoodAndDrinks,متجر إلكتروني,NA,NA,FALSE,0,0,لم يقم التاجر بإضافة سياسة للاستبدال والاسترجاع,sugar8flour@HOTMAIL.COM,,563367788,FALSE,NA,منطقة المدينة المنورة,NA,FALSE,https://maroof-prod.ruh-s3.bluvalt.com/host/9c9f3596-e0f4-4985-a6f4-424dc5751366.jpeg,مطبخ ومخبوزات,KitchenAndBakery,bb79388c,Active,2022-01-24,2023-02-23,https://freelance.sa/certificate-validation/certificate-validation-details/bb79388c,صانع حلويات وموالح,انتاج المنتجات الغذائية,4652,NA,NA,NA,NA,https://www.facebook.com/746820325499413,TRUE,https://instagram.com/sugarflour88,TRUE,NA,NA,NA,NA,NA,NA,NA,NA,NA,NA,NA,NA,NA,NA,NA,NA
1601,9a70fb08-3a81-4061-89c3-94ec2a3a5640,a366be3f-c629-4c16-9a5c-14e76db84406,منزل جديد,New House,ديكورات ورق حائط وباركية,4.71,14,IAKNZM3fmJHm+jFODxtfsQ==,Gold,المنزل,Home,متجر إلكتروني,1010495741,مؤسسة أرك التشييد للمقاولات,FALSE,0,0,لم يقم التاجر بإضافة سياسة للاستبدال والاسترجاع,New_housee@hotmail.com,,551676460,FALSE,NA,منطقة الرياض,NA,FALSE,https://maroof-prod.ruh-s3.bluvalt.com/host/109a92c1-fbeb-4d8a-bcec-ac399221ee0f.jpg,أثاث وديكور,FurnitureAndDecoration,NA,NA,NA,NA,NA,NA,NA,NA,NA,NA,NA,NA,NA,NA,..https://www.instagram.com/_ne,TRUE,https://twitter.com/new_housee,TRUE,NA,NA,NA,NA,NA,NA,NA,NA,NA,NA,NA,NA,NA,NA
1603,7b0f27d8-6c67-43ad-a166-1a6dac025159,ee8a48d9-b48d-41f4-990e-fcc03689f8c9,قرطاسية الاشراق,Ishraq Stationery,جميع انواع القرطاسية والمستلزمات المدرسية . المستلزمات المكتبية .. الهدايا,0,0,BvY5WKD7jixuKrXOLWwcYA==,Gold,خدمات الأعمال,BusinessServices,متجر إلكتروني,4650040457,مؤسسة أحمد عبدالكريم اسكندر للتجارة,FALSE,0,0,لم يقم التاجر بإضافة سياسة للاستبدال والاسترجاع,amsk111@hotmail.com,,560080057,FALSE,NA,منطقة المدينة المنورة,NA,FALSE,https://maroof-prod.ruh-s3.bluvalt.com/host/98741866-f44f-4198-ade5-30ae93d2a5f9.png,متاجر إلكترونية,OnlineStores,NA,NA,NA,NA,NA,NA,NA,NA,NA,NA,NA,NA,NA,NA,https://instagram.com/ishraq_stationery,TRUE,NA,NA,NA,NA,NA,NA,NA,NA,NA,NA,NA,NA,NA,NA,NA,NA
1611,ecf6fa73-82f6-4a7f-9f2a-39ed183411fb,058e34a0-3719-4fa5-9640-3ecd3cce6dda,الحلفاء الشرقية للتجارة والمقاولات,ALHULAFA,"عظم ، لياسة ، بلاط ، كهرباء ، سباكة ، عزل مائي ، أسقف جبس ، دهانات ، مواد بناء متخصصة ، شبك لياسة فايبر غلاس ، زوايا لياسة ، صفايات مانعة للروائح والحشرات ، فواصل تمدد ، صفايات طويلة ، صفايات المنيوم تفصيل لمدخل المنزل ، اغطية خزانات ، صفايات عزل ، غراء بورسلان ، معجون دهان مقاوم للماء ، غراء البلك الابيض",4.33,18,nXEVSd/e7A2puu3rRtCDyQ==,Gold,خدمات الأعمال,BusinessServices,متجر إلكتروني,2050097702,مؤسسة الحلفاء الشرقية للمقاولات العامة,FALSE,3,7,ان يكون المنتج بحالته الاصلية مع تحمل العميل لرسوم الشحن,alhulafa-ceo@hotmail.com,,597113991,FALSE,الدمام,المنطقة الشرقية,NA,FALSE,https://maroof-prod.ruh-s3.bluvalt.com/host/fb9549c8-dc8b-4e5a-973a-f4af13317775.jpeg,متاجر إلكترونية,OnlineStores,NA,NA,NA,NA,NA,NA,NA,NA,NA,NA,NA,NA,NA,NA,https://instagram.com/alhulafa,TRUE,https://twitter.com/AlHulafa,FALSE,NA,NA,NA,NA,9.66501E+11,FALSE,https://t.me/ALHULAFA,FALSE,http://www.alhulafa.com,TRUE,NA,NA,NA,NA
1635,56c98935-7061-4ef9-a41c-7e11c65e1bba,13b3452d-ec93-4d5f-8918-277827eac59f,فيتامين ذكاء,smart vitamin,"ألعاب ذكاء وتفكير لجميع الأعمار، بالاضافة إلى أثاث روضات ومدارس",0,0,zOl+ko5/NcnfPXnxCRNlYw==,Gold,خدمات الأعمال,BusinessServices,متجر إلكتروني,2059100672,مؤسسة ألعاب الذكاء التجارية,FALSE,0,0,لم يقم التاجر بإضافة سياسة للاستبدال والاسترجاع,smart.vitamin8@gmail.com,,568916504,FALSE,NA,المنطقة الشرقية,NA,FALSE,https://maroof-prod.ruh-s3.bluvalt.com/host/1b3a550e-bee2-467d-9517-3dc97fd0948b.jpg,متاجر إلكترونية,OnlineStores,NA,NA,NA,NA,NA,NA,NA,NA,NA,NA,NA,NA,https://www.facebook.com/947649735332674,TRUE,https://www.instagram.com/smart.v8,TRUE,https://twitter.com/smart_v8,TRUE,NA,NA,NA,NA,NA,NA,NA,NA,http://www.smartv8.com,TRUE,NA,NA,NA,NA
1637,ac6eadaf-4b9e-40a0-88e2-fb1fda0efa95,cd4f93ae-a405-46a6-8b75-c87e3a21d032,عبدالصمد القرشي,Abdul Samad Al Qurashi,العود والعنبر والعطورات الشرقية,4.19,122,qIhdIC1nb3drtz/w/ySlGg==,Gold,خدمات الأعمال,BusinessServices,متجر إلكتروني,4031095787,شركة محلات عبدالصمد القرشي للعود والعنبر والعطور المحدودة,TRUE,0,0,لا يمكن الاستبدال او الاسترجاع وفقاً لطبيعة المنتج أو الخدمة المقدمة,estore@asqgrp.com,,596103333,FALSE,مكة المكرمة,منطقة مكة المكرمة,شارع الفرقان,TRUE,https://maroof-prod.ruh-s3.bluvalt.com/host/796faa70-d5db-4bb3-9015-0aec90e2fcb2.jpeg,متاجر إلكترونية,OnlineStores,NA,NA,NA,NA,NA,NA,NA,NA,NA,NA,NA,NA,https://www.facebook.com/ASQ.Group/,TRUE,https://instagram.com/asq_group,TRUE,https://twitter.com/ASQ_Group,TRUE,https://apps.apple.com/sa/app/abdul-samad-al-qurashi-perfume/id1237078433,TRUE,https://play.google.com/store/apps/details?id=com.asqgrp.store,TRUE,9.66596E+11,FALSE,NA,NA,http://store.asqgrp.com,TRUE,NA,NA,NA,NA
1643,5da0e040-87ea-4f58-a6fd-97d020fdb587,b5f80728-5902-428c-a8dd-020e736ba60f,قهوه الهيف,NA,"قهوه عربيه محضره بايدي سعوديه مضاف لها خلطه طبيعيه لتضفي علي القهوه نكهه ولون مميز 
سريعه التحضير
مغلفه بعنايه لتحفظ القهوه لاطول مده ممكنه من غير مواد حافظه",4.83,18,sa+gHJfm+iZCF/DM5AS4mA==,Gold,أطعمة ومشروبات,FoodAndDrinks,متجر إلكتروني,1010493901,مؤسسة رانيه عساف بن محمد العساف لتجارة الأغذية,FALSE,0,0,لم يقم التاجر بإضافة سياسة للاستبدال والاسترجاع,Rere-@hotmail.com,,509964162,FALSE,NA,منطقة الرياض,NA,FALSE,https://maroof-prod.ruh-s3.bluvalt.com/host/9aa05e20-09c5-4cc5-9662-5dae9f349215.jpeg,مطبخ ومخبوزات,KitchenAndBakery,NA,NA,NA,NA,NA,NA,NA,NA,NA,NA,NA,NA,NA,NA,https://instagram.com/haifcoffee,TRUE,NA,NA,NA,NA,NA,NA,NA,NA,NA,NA,NA,NA,NA,NA,NA,NA
1656,41e62b2e-26a1-45d2-9fed-ac2fb7e6d063,9e85b94c-491c-4df6-b05a-b7a1ee5bc342,بلس برنت,PLUS PRINT,"- نقدم خدمة  الطباعه بكافة أنواعها 

- طباعة ورقية 
- طباعة ( اوت دور - ان دور ) 

- بجودة عالية و أفضل الخامات",5,3,rZsySlwbM9Q50eewTDRjwg==,Gold,خدمات الأعمال,BusinessServices,متجر إلكتروني,4030329012,مؤسسة بلس للطباعة,FALSE,0,0,لم يقم التاجر بإضافة سياسة للاستبدال والاسترجاع,info@pde.sa,,565555443,FALSE,NA,منطقة مكة المكرمة,NA,FALSE,https://maroof-prod.ruh-s3.bluvalt.com/host/52d2daca-a32d-4e55-8ce5-0caff4914ea5.gif,تصميم وطباعة,DesignAndPrint,NA,NA,NA,NA,NA,NA,NA,NA,NA,NA,NA,NA,https://www.facebook.com/1702773240011005,TRUE,https://instagram.com/advpde,TRUE,https://twitter.com/ADVPDE,TRUE,NA,NA,NA,NA,NA,NA,NA,NA,NA,NA,NA,NA,NA,NA
1677,f98843b0-d52e-4672-bc73-5386a51d6078,7fd36784-da49-4c85-85b7-e38bf707e98b,تقسيط وعقار,NA,مؤسسة ابراج التقسيط للتجارة والمقاولات,0,0,RIWaQQHB1gv9aZBdvHUjXA==,Gold,خدمات الأعمال,BusinessServices,متجر إلكتروني,1010275663,مؤسسة ابراج التقسيط للتجارة,FALSE,0,0,لم يقم التاجر بإضافة سياسة للاستبدال والاسترجاع,abragest@gmail.com,,555224561,FALSE,NA,منطقة الرياض,NA,FALSE,https://maroof-prod.ruh-s3.bluvalt.com/host/437a35c5-3e87-4c94-8db3-65abddb210d7.png,متاجر إلكترونية,OnlineStores,NA,NA,NA,NA,NA,NA,NA,NA,NA,NA,NA,NA,NA,NA,NA,NA,https://twitter.com/undefined,TRUE,NA,NA,NA,NA,NA,NA,NA,NA,http://www.abragest.com,TRUE,NA,NA,NA,NA
1695,a5f5e24a-46b2-431d-8a00-9ee55df88a1f,b291c2a2-d721-41e7-a4e0-7c4facc19e5b,متجر الطفل القارئ,TheReaderChild,أول متجر إلكتروني سعودي يقدم خدمة توصيل الكتاب الورقي المنتقى والملائم للمرحلة العمرية للطفل ويوصله لجميع مناطق المملكة ويقدم خدمات متعددة لنشر ثقافة القراءة في المجتمع,5,9,hZtZ5BJ+V8FXBjTfulq2pw==,Gold,أخرى,Other,متجر إلكتروني,4030254225,مؤسسة الطفل القارئ للنشر و التوزيع,FALSE,7,7," يشمل الإرجاع والاستبدال جميع الأصناف باستثناء اشتراكات التطبيقات
 أن يكون الصنف بنفس حالته عند الشراء
 الإرجاع والاستبدال خلال سبعة أيام من تاريخ الشراء
 يمكن إرجاع العرض الترويجي المرتبط بالصنف المرتجع إذا كان بحالتة الأصلية أو سيتم خصم قيمة العرض الترويجي
 المشتريات المدفوعة بقسائم شرائية أو بطاقات الائتمان أو عن طريق خدمة تقسيط المشتريات لا يمكن ارجاعها نقدا
 إرجاع مبالغ التحصيل للشركات الأخرى يخضع للشروط والأحكام الخاصة بمزود الخدمة
 استلام الشحنة من شركة الشحن يعتبر إقرارا من العميل أن الشحنة سليم وبحالة جيدة ولم يتم فتحه قبل الإستلام
 يتم احتساب فترة الإرجاع و الإستبدال من تاريخ الإستلام",info@thereaderchild.com,,505592958,FALSE,جدة,منطقة مكة المكرمة,الامير متعب,FALSE,https://maroof-prod.ruh-s3.bluvalt.com/host/334f9908-cfab-4002-b918-3fd1a03179fd.png,NA,NA,NA,NA,NA,NA,NA,NA,NA,NA,NA,NA,NA,NA,https://www.facebook.com/TheReaderChild/,FALSE,https://instagram.com/thereaderchild,FALSE,https://twitter.com/TheReaderChild,FALSE,NA,NA,NA,NA,9.66554E+11,FALSE,https://t.me/TheReaderChild,FALSE,http://www.TheReaderChild.com,TRUE,NA,NA,NA,NA
1707,97f71444-a9b8-48ef-bbb7-67bab9cffe60,5ec690a4-b6dd-4887-a5c5-029f4389a46a,ك ل ش,Kellesh,مستلزمات تجميل وعناية بالبشرة والشعر اصلية من مصدرها الأم,5,2,uNzty4KXi61uYlNQlG496g==,Gold,الجمال والصحة,BeautyAndHealth,متجر إلكتروني,1010550676,مؤسسة المزاج الأنيق التجارية,TRUE,0,0,لا يمكن الاستبدال او الاسترجاع وفقاً لطبيعة المنتج أو الخدمة المقدمة,OnlineShopping6Sa@gmail.com,,599113630,FALSE,الرياض,منطقة الرياض,ابن اياس,TRUE,https://maroof-prod.ruh-s3.bluvalt.com/host/151ae520-0cf0-48ca-8867-9e9ad55000ca.jpg,مستلزمات المرأة,WomenNecessities,NA,NA,NA,NA,NA,NA,NA,NA,NA,NA,NA,NA,NA,NA,https://instagram.com/online_shopping6,TRUE,NA,NA,NA,NA,NA,NA,NA,NA,NA,NA,https://kellesh-sa.com,TRUE,NA,NA,NA,NA
1729,540711c6-ed74-4d2d-a220-5fbac4b2ff0b,64d6585a-edf5-4f17-9c75-f57e20b55b33,سعد باشماخ للعود والعطورات,SAAD BASHAMMAKH,متخصصون في تلبية طلبات عشاق العطور الشرقية ومحبي النوادر من دهن العود والعود والورد و المخلطات الخاصة.,5,1,5Mqkf3cDfwxBnavKH2z2mQ==,Gold,أخرى,Other,متجر إلكتروني,1010176871,مؤسسة سعد عبدالله ابوبكر للتجارة,FALSE,0,0,لم يقم التاجر بإضافة سياسة للاستبدال والاسترجاع,info@saad-bashammakh.com,,554293939,FALSE,NA,منطقة الرياض,NA,FALSE,https://maroof-prod.ruh-s3.bluvalt.com/host/db710834-13ea-45fe-b37f-eb7f1038073d.jpeg,NA,NA,NA,NA,NA,NA,NA,NA,NA,NA,NA,NA,NA,NA,NA,NA,https://www.instagram.com/bashamakh4oud,TRUE,https://twitter.com/Bashamakh4Oud,TRUE,NA,NA,NA,NA,NA,NA,NA,NA,http://www.saad-bashammakh.com,TRUE,NA,NA,NA,NA
1730,cb3f486f-ca8e-456d-8acd-dd9c2056693b,29374b0b-8609-4936-a504-394f5fde83a0,خدمات إلكترونية شاملة,NA,تقديم  الخدمات الالكترونية للعملاء ومساعدتهم في التسجيل وإنجاز المعاملات الإلكترونية,4.5,8,WhhCpjaPI69YuIN5ONaetQ==,Silver,خدمات الأعمال,BusinessServices,منصة وساطة,NA,NA,TRUE,0,0,لا يمكن الاستبدال او الاسترجاع وفقاً لطبيعة المنتج أو الخدمة المقدمة,khadamat_tek@gamail.com,,596355035,FALSE,الدمام,المنطقة الشرقية,NA,TRUE,https://maroof-prod.ruh-s3.bluvalt.com/host/b50c0472-908b-4319-a35d-82909abf8480.jpg,حلول إلكترونية,ElectronicSolutions,00c5750c,Active,2022-07-09,2023-09-07,https://freelance.sa/certificate-validation/certificate-validation-details/00c5750c,التسويق والترويج والدعاية والاعلان,NA,14932,NA,NA,NA,NA,NA,NA,NA,NA,NA,NA,NA,NA,NA,NA,9.66596E+11,FALSE,NA,NA,NA,NA,NA,NA,NA,NA
1739,f522ff47-ad80-4c27-9a59-bab787601f64,96f2df93-28c8-49b2-af93-78d5e6af5e56,لكجرى افينيو,LuxuryAvenue,متجر الكتروني متخصص بالمستلزمات الرجالية الراقية والاصلية فقط,4.46,52,ZUFQOMWWsiYughcoIWNgVA==,Gold,أخرى,Other,متجر إلكتروني,2051056343,مؤسسة رصد الإستثمار لتقنية المعلومات,FALSE,15,15,www luxuryav net returns exchanges,cs@luxuryav.net,,540955945,FALSE,الخبر,المنطقة الشرقية,NA,TRUE,https://maroof-prod.ruh-s3.bluvalt.com/host/c08b3df8-b51a-4d1b-8446-9377deb6bfb0.jpg,NA,NA,NA,NA,NA,NA,NA,NA,NA,NA,NA,NA,NA,NA,https://www.facebook.com/luxuryav.net,FALSE,https://instagram.com/luxury_av,FALSE,https://twitter.com/luxury_av,FALSE,NA,NA,NA,NA,9.66541E+11,FALSE,NA,NA,http://www.luxuryav.net,TRUE,NA,NA,NA,NA
1740,ad500a8e-8aed-48e7-80f9-bee7abd90d1c,0c1c5272-0d9c-4808-89c6-5e28a2c4d16b,مؤسسة نقطة تجارة للتجارة,Trading point for trading,متجر نقطة تجارة متخصصون في البيع بالتجزئه والجمله للمنتجات اللإلكترونية,0,0,jUO3v3/GJdV5qc2QrD9+WQ==,Gold,إلكترونيات,Electronics,متجر إلكتروني,4650181492,مؤسسة نقطة تجارة للتجارة,FALSE,7,7," في حال استلامك منتج تالف او به خلل من اول استخدام نرجوا التواصل معانا مباشرة خلال 7 ايام كحد اقصى لاستبدال المنتج والتواصل مع خدمة العملاء من خلال الرقم 0566775558
 الفترة الزمنية لاسترجاع واستبدال منتج هي 7 ايام من تاريخ الشراء بشرط ان يكون المنتج في تغليفه الاصلي ولم يستخدم ويتحمل العميل كافه رسوم التوصيل والشحن واي رسوم اخرى مترتبه على ذلك 
 في حال استلام العميل لمنتج غير مطابق لطلبه يتحمل المتجر كافه الرسوم المتعلقه بالتوصيل والتبديل لإصلاح هذه المشكلة 
 اذا قمت بالطلب عبر البطاقة الائتمانية وتم الغاء الطلب قد يستغرق الوقت لعودة المبلغ لحسابك قرابة 14 يوم ويتم خصم عمولة الشركة المشغله
 في حال تم الطلب عبر بوابة تمارا أو تابي  فيكون عند طلب الارجاع خصم  20 من رسوم الطلب بالاضافة لتحمل العميل رسوم التوصيل والشحن
",info@tp4shop.com,,566775558,FALSE,المدينة المنورة,منطقة المدينة المنورة,NA,TRUE,https://maroof-prod.ruh-s3.bluvalt.com/host/6905eaf1-c86f-4cc9-acce-88adbf78a0c6.jpg,إلكترونيات و إكسسوارات,ElectronicsAndAccessories,NA,NA,NA,NA,NA,NA,NA,NA,NA,NA,NA,NA,https://www.facebook.com/tp4shopcom,TRUE,https://instagram.com/tp4shopcom,TRUE,https://twitter.com/tp4shopcom,TRUE,NA,NA,NA,NA,9.66567E+11,FALSE,NA,NA,http://www.tp4shop.com,TRUE,NA,NA,NA,NA
1746,31b77e23-37ca-4327-89e9-39ba84b9fa56,6f176310-0b0c-42f5-9a2f-2c5454c8d1a6,رينبو شوب,rainbowshop,"وسيطة لجميع المواقع الاجنبية 
",4.17,24,i/4uVlWZ7KhnT5e24ypWRg==,Silver,الجمال والصحة,BeautyAndHealth,منصة وساطة,NA,NA,TRUE,0,0,لا يمكن الاستبدال او الاسترجاع وفقاً لطبيعة المنتج أو الخدمة المقدمة,rainbow.shop1994@gmail.com,,559746341,FALSE,الرياض,منطقة الرياض,جعفر بن هاشم,TRUE,https://maroof-prod.ruh-s3.bluvalt.com/host/6dafe045-8e0b-4be3-b322-2ab33de55ac5.jpg,مستلزمات المرأة,WomenNecessities,FL-157618286,Active,2023-01-09,2024-01-09,https://freelance.sa/certificate-validation/certificate-validation-details/FL-157618286,بحوث التسويق - المتسوق الخفي,المبيعات والتسويق,34551,NA,NA,NA,NA,NA,NA,NA,NA,NA,NA,NA,NA,NA,NA,9.6656E+11,FALSE,NA,NA,NA,NA,NA,NA,NA,NA
1747,b6797211-03c6-4dbd-9aca-94547ac91fbb,69889d13-8066-412a-afda-5b209decd073,واحة الوحيد,Alwaheedm,بيع مستلزمات الحيوانات الاليفه,0,0,HVa1jf3Tl489govuMG5KCg==,Gold,خدمات الأعمال,BusinessServices,متجر إلكتروني,1010475879,مؤسسة عبدالمجيد عبدالله صالح الحارثي للتجارة,FALSE,0,0,لم يقم التاجر بإضافة سياسة للاستبدال والاسترجاع,Alwaheed1402m@gmail.com,,580888730,FALSE,NA,منطقة الرياض,NA,FALSE,NA,متاجر إلكترونية,OnlineStores,NA,NA,NA,NA,NA,NA,NA,NA,NA,NA,NA,NA,NA,NA,https://instagram.com/alwaheedm,TRUE,NA,NA,NA,NA,NA,NA,NA,NA,NA,NA,NA,NA,NA,NA,NA,NA
1748,4dc2477e-1409-4dfa-b551-1a34166496cd,f6e28c9d-2dcd-45f9-a5f7-7eae7e55315c,أحمد علي الحمين للعود والعطور,,"تصنيع وبيع العطورات والمعطرات والبخور
استيراد وبيع العود ودهن العود والزعفران الفاخر
تصنيع وبيع الهدايا الخاصة",4.33,3,yXXC6wojwb3VItAQHNMW8Q==,Gold,أخرى,Other,متجر إلكتروني,1123001631,مؤسسة احمد علي الحميّن للتجارة,FALSE,0,0,لم يقم التاجر بإضافة سياسة للاستبدال والاسترجاع,alhumayenoud@gmail.com,,541154140,FALSE,NA,منطقة القصيم,NA,FALSE,https://maroof-prod.ruh-s3.bluvalt.com/host/5b93e8de-f2e7-4700-b78a-58b74f08fad1.jpeg,NA,NA,NA,NA,NA,NA,NA,NA,NA,NA,NA,NA,NA,NA,https://www.facebook.com/app_scoped_user_id/YXNpZADpBWEhkMUIzVFg5eHVRbl9scUpqV2dmMEJVM2ppYThOeEZAQTnlJSzYxbGxPS3hRZAE0xamMxSV9sRU9YeWxySUdBQzIwTm9rNjFadWRmQjJxNkFMdXZATTTA0NXNIaUludGlHR0NFWXVzM3duOUsySzFhZA2cZD/,TRUE,https://instagram.com/alhumayen4oud,TRUE,https://twitter.com/alhumayen4oud,TRUE,NA,NA,NA,NA,9.66541E+11,FALSE,NA,NA,https://alhumayen4oud.com/,TRUE,NA,NA,NA,NA
1750,10e06633-a594-479d-9dc8-2a3eb5bdcd43,b592b7d3-3645-4e09-8808-775a87b8a363,علياء المدينة,Alyaa ALMedina,مكائن للبيع الذاتي,0,0,hFHMwgbQFbcmB7deqOjULQ==,Gold,أخرى,Other,متجر إلكتروني,4650044982,شركة علياء المدينة للتجارة,FALSE,0,0,لم يقم التاجر بإضافة سياسة للاستبدال والاسترجاع,info@alyaagroup.com,,541196589,FALSE,NA,منطقة المدينة المنورة,NA,FALSE,NA,NA,NA,NA,NA,NA,NA,NA,NA,NA,NA,NA,NA,NA,NA,https://www.facebook.com/217827921922875,TRUE,https://instagram.com/alyaagroup,TRUE,https://twitter.com/AlyaaGroup,TRUE,NA,NA,NA,NA,NA,NA,NA,NA,http://www.alyaagroup.com,TRUE,NA,NA,NA,NA
1757,c2ad79fd-71a8-4f9e-941a-2733cbb39200,a30ca629-2efd-49bc-aae2-a3b53f4c2e44,مؤسسة شواهد الوطن للمقاولات,SHWAHED ALWATAN,ديكور ورق حائط دهانات,0,0,xam3iPMKuUJyTWgadkcdhA==,Gold,أخرى,Other,متجر إلكتروني,3350039284,مؤسسة شواهد الوطن للمقاولات,FALSE,0,0,لم يقم التاجر بإضافة سياسة للاستبدال والاسترجاع,SZSHAMMRI@GMAIL.COM,,562340004,FALSE,NA,منطقة حائل,NA,FALSE,https://maroof-prod.ruh-s3.bluvalt.com/host/8c1ecb98-ba88-4a74-b61a-9e971d94f1c0.jpeg,NA,NA,NA,NA,NA,NA,NA,NA,NA,NA,NA,NA,NA,NA,NA,NA,..https://instagram.com/sipes_h,TRUE,NA,NA,NA,NA,NA,NA,NA,NA,NA,NA,www.shalwatan.net,TRUE,NA,NA,NA,NA
1763,ee8ae866-c04c-4412-a9d9-a55c3903b8dc,7a303861-b327-402d-8976-42ad75d21717,ميدماركت,Med Market,"تسويق 
تسويق الكتروني 
إنتاج الاعلانات 
تنظيم فعاليات 
تصميم مواقع الانترنت 
تصميم تطبيقات الهواتف 
علاقات عامة 
تطوير 
المتسوق الخفي",0,0,dXyQPnwNdyRxwFbPH0dbiQ==,Gold,خدمات الأعمال,BusinessServices,متجر إلكتروني,4030274731,مؤسسة عبر السوق لتقنية المعلومات,FALSE,0,0,لم يقم التاجر بإضافة سياسة للاستبدال والاسترجاع,Info@med-market.info,,581885000,FALSE,NA,منطقة مكة المكرمة,NA,FALSE,https://maroof-prod.ruh-s3.bluvalt.com/host/ccdbed65-4094-4f22-97ce-39b53f754d96.png,حلول إلكترونية,ElectronicSolutions,NA,NA,NA,NA,NA,NA,NA,NA,NA,NA,NA,NA,NA,NA,https://instagram.com/med_market,TRUE,NA,NA,NA,NA,NA,NA,NA,NA,NA,NA,http://www.med-market.info,TRUE,NA,NA,NA,NA
1767,4f75bec6-742c-45f6-ad41-010199f5d516,ce5c7061-347a-46d2-a77e-fd7285dddf47,أريج للألماس و المجوهرات,Areej For Diamond And Jewellery,تصميم و صياغة اجمل المجوهرات الماسية الفاخرة,4.88,8,P/V9RjhPljCIr38APzBadw==,Gold,الجمال والصحة,BeautyAndHealth,متجر إلكتروني,2050017815,مؤسسة أريج للالماس والمجوهرات,FALSE,1,7,"يمكن استبدال المنتجات خلال 7 ايام من تاريخ الشراء بالشروط التالية
 1 المنتج بحالته الاصلية ومع كامل المرفقات بحالة سليمة
2 وجود ملصق السعر و جميع الملصقات الاخرى ان وجدت
3 فاتورة الشراء الاصلية
4 عدم استخدام المنتج نهائيا
يستثنى من الاستبدال
اطقم الزفاف و ازمة الانف 

سياسة الاسترجاع
تسترجع القطع في حال وجود عيب مصنعي فقط خلال يوم وخلاف ذلك لا تسترجع",info@areej.com.sa,,536244422,FALSE,الدمام,المنطقة الشرقية,الملك عبدالعزيز,TRUE,https://maroof-prod.ruh-s3.bluvalt.com/host/3b45ac88-0730-40c4-bb57-3ad40a121664.jpeg,مستلزمات المرأة,WomenNecessities,NA,NA,NA,NA,NA,NA,NA,NA,NA,NA,NA,NA,NA,NA,https://instagram.com/areej_jewel,TRUE,NA,NA,NA,NA,NA,NA,9.66536E+11,FALSE,NA,NA,http://www.areejjewellery.com,TRUE,NA,NA,NA,NA
1786,83a7837c-b201-4d72-b845-d2d855c79f58,a60babf1-5398-4150-9733-e93d86629eb9,سعودي جولد,SaudiGold,"متخصصون في بيع الذهب والمجوهرات الثمينة وكتابة الاسماء 
نشحن بالفيدكس أو أرامكس او سمسا لجميع مناطق المملكة
whatsapp\00966504999676",5,1,yqM4lchoAym8Uo8pEp7GfA==,Gold,الجمال والصحة,BeautyAndHealth,متجر إلكتروني,2055024983,مؤسسة احمد بن محمد بن احمد السمين للذهب والمجوهرات,FALSE,0,0,لم يقم التاجر بإضافة سياسة للاستبدال والاسترجاع,saudigold52@gmail.com,,504999676,FALSE,NA,المنطقة الشرقية,NA,FALSE,https://maroof-prod.ruh-s3.bluvalt.com/host/57b64d7b-6536-4e81-a984-1bb6142b7761.jpeg,مستلزمات المرأة,WomenNecessities,NA,NA,NA,NA,NA,NA,NA,NA,NA,NA,NA,NA,https://www.facebook.com/232102140481529,TRUE,https://instagram.com/saudigold.1965,TRUE,https://twitter.com/SaudiGold1965,TRUE,NA,NA,NA,NA,NA,NA,NA,NA,NA,NA,NA,NA,NA,NA
1831,3555b1b2-a31f-4a63-8d79-d3312193b289,2a279ef2-25a3-4188-95e6-44e96ec5fe9f,تسوق كوم,tsswq,"متجر تسوق كوم 
متجر يختص في بيع كل ما يخص عالم الموضه من اكسسوارات نسائية،شنط ، عطور ،نظارات ، الكترونيات ،ساعات ، وغيرها ... 
*منتجاتنا اصلية.",4,4,645rkiNa6WgZrin8Z09XJg==,Gold,خدمات الأعمال,BusinessServices,متجر إلكتروني,5950017670,مؤسسة نهر الالماس التجارية,FALSE,0,0,لم يقم التاجر بإضافة سياسة للاستبدال والاسترجاع,goooldvip@gmail.com,,500800218,FALSE,NA,منطقة الرياض,NA,FALSE,https://maroof-prod.ruh-s3.bluvalt.com/host/05524cca-2909-4669-b273-f465364eb7a0.jpeg,متاجر إلكترونية,OnlineStores,NA,NA,NA,NA,NA,NA,NA,NA,NA,NA,NA,NA,https://www.facebook.com/208061769575550,TRUE,https://instagram.com/tsswqcom,TRUE,https://twitter.com/tsswq_com,TRUE,NA,NA,NA,NA,NA,NA,NA,NA,http://www.tsswq.com,TRUE,NA,NA,NA,NA
1847,a96d8e0c-12f5-4bc0-b7ac-d7a7a57b13dc,2bd2d4e2-26e3-4a06-9621-0fc98f2e5f05,عباقرة التسويق اللإلكتروني,E M Geniuses,انشاء وادارة حملات تسويقيه على المواقع الالكتروني,0,0,3A+4d6V3eia4rLgQnTCUlg==,Gold,خدمات الأعمال,BusinessServices,متجر إلكتروني,4030232663,مؤسسة عباقرة للتسويق الالكتروني,FALSE,0,0,لم يقم التاجر بإضافة سياسة للاستبدال والاسترجاع,mhetemish@gmail.com,,555355942,FALSE,NA,منطقة مكة المكرمة,NA,FALSE,https://maroof-prod.ruh-s3.bluvalt.com/host/3f9677cc-d0cc-4a6d-9d6f-eef8762c405a.jpeg,متاجر إلكترونية,OnlineStores,NA,NA,NA,NA,NA,NA,NA,NA,NA,NA,NA,NA,NA,NA,https://instagram.com/mhetemish,TRUE,NA,NA,NA,NA,NA,NA,NA,NA,NA,NA,http://www.3baqera.com,TRUE,NA,NA,NA,NA
1854,8bbf75d1-cd3e-4940-8777-30667d78ea30,d7e217b5-1d57-4d45-bd25-e2e18d6dbd23,أسس الخبراء التعليمية,Osos Education,"حقائب استراتيجيات التعلم النشط
وسائل تعزيز وتنظيم للصف
وسائل لتعليم صعوبات التعلم والاحتياجات الخاصة
منتجات تعليمية متنوعة
أفكار وشروحات تعليمية",4.99,67,Z6PpKb1I1VEj+n/NwOfpmg==,Gold,التعليم,Education,متجر إلكتروني,1010900780,مؤسسة أسس الخبراء لتقنية المعلومات,FALSE,7,7,"المدة المسموحة للاسترجاع أو الاستبدال خلال 7 أيام من تاريخ استلام الطلبية
يجب أن يكون المنتج جديد ولم يستعمل ويكون التغليف في حالته الأصلية وغير تالف
في حال الاستبدال أو الاسترجاع تكون تكلفة الشحن على العميل",info@osos-edu.com,,548399391,FALSE,NA,منطقة الرياض,NA,FALSE,https://maroof-prod.ruh-s3.bluvalt.com/host/6eaebd37-d908-4811-a2b4-7d83f9fbbd23.jpg,خدمات أكاديمية,AcademyServices,NA,NA,NA,NA,NA,NA,NA,NA,NA,NA,NA,NA,https://www.facebook.com/102518073861806,TRUE,https://instagram.com/osos_edu,TRUE,https://twitter.com/Osos_edu,TRUE,NA,NA,NA,NA,9.66548E+11,FALSE,NA,NA,http://www.osos.net.sa/,TRUE,NA,NA,NA,NA
1856,e7ac004b-f984-47db-90c7-6de382257f89,e9d814a7-4127-4337-8aac-ee9e19691b8c,تفاصيل ورق,Tafasel Warq,متجرنا يوفر لكم كل مايخص الأعمال الفنية لبداية مشروع ناجح.,4.78,9,9fJQjZ1K/ITtJNJFy7M41Q==,Gold,خدمات الأعمال,BusinessServices,متجر إلكتروني,4030351227,مؤسسة تفاصيل ورق التجارية,FALSE,0,0,لم يقم التاجر بإضافة سياسة للاستبدال والاسترجاع,tafaselwarq@gmail.com,,538059615,FALSE,NA,منطقة مكة المكرمة,NA,FALSE,https://maroof-prod.ruh-s3.bluvalt.com/host/3418fcb9-4e6a-4d45-9b31-cf3b37797a92.jpeg,متاجر إلكترونية,OnlineStores,NA,NA,NA,NA,NA,NA,NA,NA,NA,NA,NA,NA,NA,NA,https://instagram.com/sectors_,TRUE,NA,NA,NA,NA,NA,NA,NA,NA,NA,NA,NA,NA,NA,NA,NA,NA
1857,4bb6f99e-8334-4bd1-bd70-c0820d3a39a6,37f8fca2-49c6-40af-afde-2520d0718390,بارتي ديزاين,party design,لطلبات تصاميم الثيمات واخراج العمل بشكل يليق بذوقكم فلاتر سناب شات تغليف شوكلت بوكسات بنر ثيمات توزيعات,5,3,4bTVfqsXhwi+otxM6b2/XA==,Silver,خدمات الأعمال,BusinessServices,متجر إلكتروني,NA,NA,TRUE,0,0,لايقبل نهائيا استرجاع أو استبدال او إلغاء جميع طلبات التصميم والطباعة حسب طلب العميل أو وفقا لمواصفات حددها بأي حال من الاحوال لأن جميع منتجاتنا تنفذ تحت الطلب فقط وليست جاهزه,pd.ksa@outlook.sa,,538424479,FALSE,الاحساء,المنطقة الشرقية,القدس,TRUE,https://maroof-prod.ruh-s3.bluvalt.com/host/a5038d2b-e9bc-4981-a209-3aa43afface3.png,تصميم وطباعة,DesignAndPrint,FL-74137874,Active,2022-01-24,2024-01-24,https://freelance.sa/certificate-validation/certificate-validation-details/FL-74137874,تصميم الجرافيك,التصميم والإبداع,40931,NA,NA,NA,NA,NA,NA,https://instagram.com/pd.sa,TRUE,https://twitter.com/pd_sa1,TRUE,NA,NA,NA,NA,9.66538E+11,FALSE,NA,NA,https://pd-sa.net,TRUE,NA,NA,NA,NA
1866,d68d6f35-4836-4a57-a127-6958fb2d7735,8813c329-6066-45e1-aa6e-01399df34f4d,سواف التقني,technical suave,"بيع كل الاكسسوارات المتعلقة بالحواسب والجوالات 
والطباعه على الكفرات حسب الطلب .
مقرنا الرئيسي ( خميس مشيط حي الراقي مقابل الممشى ) .",4.57,7,+kYg5LAN2geKbXWR6tRiuw==,Gold,خدمات الأعمال,BusinessServices,متجر إلكتروني,5850104204,مؤسسة سواف التقني للاتصالات,FALSE,0,0,لم يقم التاجر بإضافة سياسة للاستبدال والاسترجاع,tecsuave@gmail.com,,504777847,FALSE,NA,منطقة عسير,NA,FALSE,https://maroof-prod.ruh-s3.bluvalt.com/host/9bec306b-ea9e-4956-9d99-3a8ee7ab4b04.gif,متاجر إلكترونية,OnlineStores,NA,NA,NA,NA,NA,NA,NA,NA,NA,NA,NA,NA,NA,NA,https://instagram.com/tec_suave,TRUE,NA,NA,NA,NA,NA,NA,NA,NA,NA,NA,NA,NA,NA,NA,NA,NA
1884,688e17e4-c6af-4e27-8a3d-f5a346d03df1,ac1034cc-a2ec-43c4-a962-9e7bfe1cf3bb,دهشة,DAHSHA,"دهشة  
متجر الكتروني يسعى لتخليد ذكرياتكم الجميلة",0,0,sR4H8T2UyaYfCAfe6gL5yQ==,Gold,خدمات الأعمال,BusinessServices,متجر إلكتروني,1010605754,مؤسسة دهشة الهدايا التجارية,FALSE,2,3,"نسعد بخدمتكم ونوضح لكم سياسة الاسترجاع والاستبدال
استبدال البضاعة خلال   3 يوم 
استرجاع البضاعة خلال   2 يوم 
عدم وجود عيب مصنعي   يتحمل العميل تكاليف الشحن والتوصيل
  ويتحمل العميل تكاليف الشحن والتوصيل في حال كان الطلب تم توصيله مجاناً 

وجود عيب مصنعي  تتحمل المؤسسة تكاليف الشحن والتوصيل 
ويشترط أن يكون المنتج على حالته الأصلية ولم يستخدم
ملاحظات هامة   
يمكن إلغاء الطلب من قِبل العميل مجاناً مالم تتغير حالة الطلب إلى تم الشحن أو تم التوصيل 
يتطلب إعادة المبلغ للعميل مدة تتراوح من 1 يوم إلى 15 يوم عمل  


سياسة استلام الطلبات من المؤسسة


في حال اختار العميل الاستلام من مقر المؤسسة  فإنه يتوجب عليه الحضور خلال 4 أيام عمل من وصول رسالة جاهزية الطلب للاستلام عبر الجوال 


المؤسسة غير مسؤولة عن أي طلب لا يستلمه صاحبه بعد 14 يوم من تغيير حالة طلبه لجاهز للاستلام أو ابلاغه برسالة واتس آب أو مكالمة هاتفية


",dahsha.sa@gmail.com,,598000777,FALSE,الرياض,منطقة الرياض,شارع ابراهيم الصديقي,TRUE,https://maroof-prod.ruh-s3.bluvalt.com/host/6be4acf0-6ce4-4390-babd-544343870a86.jpeg,تصميم وطباعة,DesignAndPrint,NA,NA,NA,NA,NA,NA,NA,NA,NA,NA,NA,NA,NA,NA,https://www.instagram.com/dahshaksa,FALSE,NA,NA,NA,NA,NA,NA,9.66598E+11,FALSE,NA,NA,https://dahsha-sa.com/,TRUE,NA,NA,NA,NA
1900,0773ce6f-66ec-46ae-a0c6-0fbf8f2ad136,52908067-977c-4b56-9511-e6ed39c09f85,المتجر الالكتروني للمجوهرات,baalijewelry,تصميم وتنفيذ مجوهرات تصاغ من الذهب والفضه,5,7,/3u/1LfZzc/KDXbODyJVPA==,Gold,الجمال والصحة,BeautyAndHealth,متجر إلكتروني,4030300713,مصنع سالم عبدالله احمد باعلي للمعادن الثمينة,TRUE,0,0,لا يمكن الاستبدال او الاسترجاع وفقاً لطبيعة المنتج أو الخدمة المقدمة,baaliksa@gmail.com,,569595105,FALSE,جدة,منطقة مكة المكرمة,المرحلة الخامسة,TRUE,https://maroof-prod.ruh-s3.bluvalt.com/host/0646479d-4c23-4a36-8b24-50cfd2c61b1d.jpg,مستلزمات المرأة,WomenNecessities,NA,NA,NA,NA,NA,NA,NA,NA,NA,NA,NA,NA,NA,NA,NA,NA,NA,NA,NA,NA,NA,NA,9.6657E+11,FALSE,NA,NA,https://maroof.sa/1900,TRUE,NA,NA,NA,NA
1931,40072c75-6651-4636-8025-52ba2d8531df,7bd5347e-73eb-4505-b9fa-6370a13ca40a,شركة المبادرات التقنية,Leandiv LLC,شركة متخصصة في إنتاج حلول إلكترونية تلبي احتياجات المستخدمين العرب من الأفراد والشركات والجهات الحكومية.,5,4,xT21SzGHavNx0am2a6qsDw==,Gold,خدمات الأعمال,BusinessServices,متجر إلكتروني,1010415960,شركة المبادرات التقنية لتقنية المعلومات شركة شخص واحد,FALSE,0,0,لم يقم التاجر بإضافة سياسة للاستبدال والاسترجاع,bassam@leandiv.com,,535912222,FALSE,NA,منطقة الرياض,NA,FALSE,https://maroof-prod.ruh-s3.bluvalt.com/host/d73ee5ea-2427-4443-99f8-27e7a9751d46.jpeg,حلول إلكترونية,ElectronicSolutions,NA,NA,NA,NA,NA,NA,NA,NA,NA,NA,NA,NA,NA,NA,NA,NA,https://twitter.com/LeandivLLC,TRUE,NA,NA,NA,NA,NA,NA,NA,NA,http://www.leandiv.com,TRUE,NA,NA,NA,NA
1932,c954b138-1956-4ae9-9ae8-0ed6daa0067f,fb1b51f0-14ec-4c68-b83f-c915999810d1,اي ويفز ستور,iWavesstore,تجاره الجمله والتجزئه لاجهزه الحاسب الالي ومعدات الشبكات والاتصالات والالكترونيات والاجهزه المنزليه وملحقاتها وآكسسوراتها  وصيانتها,0,0,HuBN2fuIfAnMjhbwzMDNqQ==,Gold,خدمات الأعمال,BusinessServices,متجر إلكتروني,1010309485,مؤسسة مخزن التفاحة للحاسب الآلي,FALSE,0,0,لم يقم التاجر بإضافة سياسة للاستبدال والاسترجاع,hamad@iwavesstore.com,,566664445,FALSE,NA,منطقة الرياض,NA,FALSE,https://maroof-prod.ruh-s3.bluvalt.com/host/9ca164aa-beda-411d-8665-5a418da1356c.png,متاجر إلكترونية,OnlineStores,NA,NA,NA,NA,NA,NA,NA,NA,NA,NA,NA,NA,https://www.facebook.com/844450022326359,TRUE,NA,NA,NA,NA,NA,NA,NA,NA,NA,NA,NA,NA,http://www.iwavesstore.com,TRUE,NA,NA,NA,NA
1945,e3c27800-05ba-4580-8441-8a632b2cf4a1,f2461a9e-f081-4d0e-8814-2a1a0117830f,همسة تقنية,Hamsatec,"متجر إلكتروني
لبيع مستلزمات و اكسسوارات الجوالات
متخصصين بمنتجات البلوتوث بجودة ومواصفات رائعة وسعر مناسب
جميع السلع مضمونة",3.83,6,4LWePaW8sCyCNbBBsxWqDg==,Gold,خدمات الأعمال,BusinessServices,متجر إلكتروني,1010999295,مؤسسة أمره للدعاية والاعلان,FALSE,0,0,لم يقم التاجر بإضافة سياسة للاستبدال والاسترجاع,Salooomy15@gmail.com,,566606965,FALSE,الرياض,منطقة الرياض,طريق الامير سعد بن عبدالرحمن,FALSE,NA,متاجر إلكترونية,OnlineStores,NA,NA,NA,NA,NA,NA,NA,NA,NA,NA,NA,NA,NA,NA,https://instagram.com/hamsatec,TRUE,NA,NA,NA,NA,NA,NA,NA,NA,NA,NA,https://www.hamsatec.com/,TRUE,NA,NA,NA,NA
,,,,,,,,,,,,,,,,,,,,,,,,,,,,,,,,,,,,,,,,,,,,,,,,,,,,,,,,,,,,,
,,,,,,,,,,,,,,,,,,,,,,,,,,,,,,,,,,,,,,,,,,,,,,,,,,,,,,,,,,,,,
,,,,,,,,,,,,,,,,,,,,,,,,,,,,,,,,,,,,,,,,,,,,,,,,,,,,,,,,,,,,,
,,,,,,,,,,,,,,,,,,,,,,,,,,,,,,,,,,,,,,,,,,,,,,,,,,,,,,,,,,,,,
,,,,,,,,,,,,,,,,,,,,,,,,,,,,,,,,,,,,,,,,,,,,,,,,,,,,,,,,,,,,,
,,,,,,,,,,,,,,,,,,,,,,,,,,,,,,,,,,,,,,,,,,,,,,,,,,,,,,,,,,,,,
,,,,,,,,,,,,,,,,,,,,,,,,,,,,,,,,,,,,,,,,,,,,,,,,,,,,,,,,,,,,,
,,,,,,,,,,,,,,,,,,,,,,,,,,,,,,,,,,,,,,,,,,,,,,,,,,,,,,,,,,,,,
,,,,,,,,,,,,,,,,,,,,,,,,,,,,,,,,,,,,,,,,,,,,,,,,,,,,,,,,,,,,,
,,,,,,,,,,,,,,,,,,,,,,,,,,,,,,,,,,,,,,,,,,,,,,,,,,,,,,,,,,,,,
,,,,,,,,,,,,,,,,,,,,,,,,,,,,,,,,,,,,,,,,,,,,,,,,,,,,,,,,,,,,,
,,,,,,,,,,,,,,,,,,,,,,,,,,,,,,,,,,,,,,,,,,,,,,,,,,,,,,,,,,,,,
,,,,,,,,,,,,,,,,,,,,,,,,,,,,,,,,,,,,,,,,,,,,,,,,,,,,,,,,,,,,,
,,,,,,,,,,,,,,,,,,,,,,,,,,,,,,,,,,,,,,,,,,,,,,,,,,,,,,,,,,,,,
,,,,,,,,,,,,,,,,,,,,,,,,,,,,,,,,,,,,,,,,,,,,,,,,,,,,,,,,,,,,,
,,,,,,,,,,,,,,,,,,,,,,,,,,,,,,,,,,,,,,,,,,,,,,,,,,,,,,,,,,,,,
,,,,,,,,,,,,,,,,,,,,,,,,,,,,,,,,,,,,,,,,,,,,,,,,,,,,,,,,,,,,,
,,,,,,,,,,,,,,,,,,,,,,,,,,,,,,,,,,,,,,,,,,,,,,,,,,,,,,,,,,,,,
,,,,,,,,,,,,,,,,,,,,,,,,,,,,,,,,,,,,,,,,,,,,,,,,,,,,,,,,,,,,,
,,,,,,,,,,,,,,,,,,,,,,,,,,,,,,,,,,,,,,,,,,,,,,,,,,,,,,,,,,,,,
,,,,,,,,,,,,,,,,,,,,,,,,,,,,,,,,,,,,,,,,,,,,,,,,,,,,,,,,,,,,,
,,,,,,,,,,,,,,,,,,,,,,,,,,,,,,,,,,,,,,,,,,,,,,,,,,,,,,,,,,,,,
,,,,,,,,,,,,,,,,,,,,,,,,,,,,,,,,,,,,,,,,,,,,,,,,,,,,,,,,,,,,,
,,,,,,,,,,,,,,,,,,,,,,,,,,,,,,,,,,,,,,,,,,,,,,,,,,,,,,,,,,,,,
,,,,,,,,,,,,,,,,,,,,,,,,,,,,,,,,,,,,,,,,,,,,,,,,,,,,,,,,,,,,,
,,,,,,,,,,,,,,,,,,,,,,,,,,,,,,,,,,,,,,,,,,,,,,,,,,,,,,,,,,,,,
,,,,,,,,,,,,,,,,,,,,,,,,,,,,,,,,,,,,,,,,,,,,,,,,,,,,,,,,,,,,,
,,,,,,,,,,,,,,,,,,,,,,,,,,,,,,,,,,,,,,,,,,,,,,,,,,,,,,,,,,,,,
,,,,,,,,,,,,,,,,,,,,,,,,,,,,,,,,,,,,,,,,,,,,,,,,,,,,,,,,,,,,,
,,,,,,,,,,,,,,,,,,,,,,,,,,,,,,,,,,,,,,,,,,,,,,,,,,,,,,,,,,,,,
,,,,,,,,,,,,,,,,,,,,,,,,,,,,,,,,,,,,,,,,,,,,,,,,,,,,,,,,,,,,,
,,,,,,,,,,,,,,,,,,,,,,,,,,,,,,,,,,,,,,,,,,,,,,,,,,,,,,,,,,,,,
,,,,,,,,,,,,,,,,,,,,,,,,,,,,,,,,,,,,,,,,,,,,,,,,,,,,,,,,,,,,,
,,,,,,,,,,,,,,,,,,,,,,,,,,,,,,,,,,,,,,,,,,,,,,,,,,,,,,,,,,,,,
,,,,,,,,,,,,,,,,,,,,,,,,,,,,,,,,,,,,,,,,,,,,,,,,,,,,,,,,,,,,,
,,,,,,,,,,,,,,,,,,,,,,,,,,,,,,,,,,,,,,,,,,,,,,,,,,,,,,,,,,,,,
,,,,,,,,,,,,,,,,,,,,,,,,,,,,,,,,,,,,,,,,,,,,,,,,,,,,,,,,,,,,,
,,,,,,,,,,,,,,,,,,,,,,,,,,,,,,,,,,,,,,,,,,,,,,,,,,,,,,,,,,,,,
,,,,,,,,,,,,,,,,,,,,,,,,,,,,,,,,,,,,,,,,,,,,,,,,,,,,,,,,,,,,,
,,,,,,,,,,,,,,,,,,,,,,,,,,,,,,,,,,,,,,,,,,,,,,,,,,,,,,,,,,,,,
,,,,,,,,,,,,,,,,,,,,,,,,,,,,,,,,,,,,,,,,,,,,,,,,,,,,,,,,,,,,,
,,,,,,,,,,,,,,,,,,,,,,,,,,,,,,,,,,,,,,,,,,,,,,,,,,,,,,,,,,,,,
,,,,,,,,,,,,,,,,,,,,,,,,,,,,,,,,,,,,,,,,,,,,,,,,,,,,,,,,,,,,,
,,,,,,,,,,,,,,,,,,,,,,,,,,,,,,,,,,,,,,,,,,,,,,,,,,,,,,,,,,,,,
,,,,,,,,,,,,,,,,,,,,,,,,,,,,,,,,,,,,,,,,,,,,,,,,,,,,,,,,,,,,,
,,,,,,,,,,,,,,,,,,,,,,,,,,,,,,,,,,,,,,,,,,,,,,,,,,,,,,,,,,,,,
,,,,,,,,,,,,,,,,,,,,,,,,,,,,,,,,,,,,,,,,,,,,,,,,,,,,,,,,,,,,,
,,,,,,,,,,,,,,,,,,,,,,,,,,,,,,,,,,,,,,,,,,,,,,,,,,,,,,,,,,,,,
,,,,,,,,,,,,,,,,,,,,,,,,,,,,,,,,,,,,,,,,,,,,,,,,,,,,,,,,,,,,,
,,,,,,,,,,,,,,,,,,,,,,,,,,,,,,,,,,,,,,,,,,,,,,,,,,,,,,,,,,,,,
,,,,,,,,,,,,,,,,,,,,,,,,,,,,,,,,,,,,,,,,,,,,,,,,,,,,,,,,,,,,,
,,,,,,,,,,,,,,,,,,,,,,,,,,,,,,,,,,,,,,,,,,,,,,,,,,,,,,,,,,,,,
,,,,,,,,,,,,,,,,,,,,,,,,,,,,,,,,,,,,,,,,,,,,,,,,,,,,,,,,,,,,,
,,,,,,,,,,,,,,,,,,,,,,,,,,,,,,,,,,,,,,,,,,,,,,,,,,,,,,,,,,,,,
,,,,,,,,,,,,,,,,,,,,,,,,,,,,,,,,,,,,,,,,,,,,,,,,,,,,,,,,,,,,,
,,,,,,,,,,,,,,,,,,,,,,,,,,,,,,,,,,,,,,,,,,,,,,,,,,,,,,,,,,,,,
,,,,,,,,,,,,,,,,,,,,,,,,,,,,,,,,,,,,,,,,,,,,,,,,,,,,,,,,,,,,,
,,,,,,,,,,,,,,,,,,,,,,,,,,,,,,,,,,,,,,,,,,,,,,,,,,,,,,,,,,,,,
,,,,,,,,,,,,,,,,,,,,,,,,,,,,,,,,,,,,,,,,,,,,,,,,,,,,,,,,,,,,,
,,,,,,,,,,,,,,,,,,,,,,,,,,,,,,,,,,,,,,,,,,,,,,,,,,,,,,,,,,,,,
,,,,,,,,,,,,,,,,,,,,,,,,,,,,,,,,,,,,,,,,,,,,,,,,,,,,,,,,,,,,,
,,,,,,,,,,,,,,,,,,,,,,,,,,,,,,,,,,,,,,,,,,,,,,,,,,,,,,,,,,,,,
,,,,,,,,,,,,,,,,,,,,,,,,,,,,,,,,,,,,,,,,,,,,,,,,,,,,,,,,,,,,,
,,,,,,,,,,,,,,,,,,,,,,,,,,,,,,,,,,,,,,,,,,,,,,,,,,,,,,,,,,,,,
,,,,,,,,,,,,,,,,,,,,,,,,,,,,,,,,,,,,,,,,,,,,,,,,,,,,,,,,,,,,,
,,,,,,,,,,,,,,,,,,,,,,,,,,,,,,,,,,,,,,,,,,,,,,,,,,,,,,,,,,,,,
,,,,,,,,,,,,,,,,,,,,,,,,,,,,,,,,,,,,,,,,,,,,,,,,,,,,,,,,,,,,,
,,,,,,,,,,,,,,,,,,,,,,,,,,,,,,,,,,,,,,,,,,,,,,,,,,,,,,,,,,,,,
,,,,,,,,,,,,,,,,,,,,,,,,,,,,,,,,,,,,,,,,,,,,,,,,,,,,,,,,,,,,,
,,,,,,,,,,,,,,,,,,,,,,,,,,,,,,,,,,,,,,,,,,,,,,,,,,,,,,,,,,,,,
,,,,,,,,,,,,,,,,,,,,,,,,,,,,,,,,,,,,,,,,,,,,,,,,,,,,,,,,,,,,,
,,,,,,,,,,,,,,,,,,,,,,,,,,,,,,,,,,,,,,,,,,,,,,,,,,,,,,,,,,,,,
,,,,,,,,,,,,,,,,,,,,,,,,,,,,,,,,,,,,,,,,,,,,,,,,,,,,,,,,,,,,,
,,,,,,,,,,,,,,,,,,,,,,,,,,,,,,,,,,,,,,,,,,,,,,,,,,,,,,,,,,,,,
,,,,,,,,,,,,,,,,,,,,,,,,,,,,,,,,,,,,,,,,,,,,,,,,,,,,,,,,,,,,,
,,,,,,,,,,,,,,,,,,,,,,,,,,,,,,,,,,,,,,,,,,,,,,,,,,,,,,,,,,,,,
,,,,,,,,,,,,,,,,,,,,,,,,,,,,,,,,,,,,,,,,,,,,,,,,,,,,,,,,,,,,,
,,,,,,,,,,,,,,,,,,,,,,,,,,,,,,,,,,,,,,,,,,,,,,,,,,,,,,,,,,,,,
,,,,,,,,,,,,,,,,,,,,,,,,,,,,,,,,,,,,,,,,,,,,,,,,,,,,,,,,,,,,,
,,,,,,,,,,,,,,,,,,,,,,,,,,,,,,,,,,,,,,,,,,,,,,,,,,,,,,,,,,,,,
,,,,,,,,,,,,,,,,,,,,,,,,,,,,,,,,,,,,,,,,,,,,,,,,,,,,,,,,,,,,,
,,,,,,,,,,,,,,,,,,,,,,,,,,,,,,,,,,,,,,,,,,,,,,,,,,,,,,,,,,,,,
,,,,,,,,,,,,,,,,,,,,,,,,,,,,,,,,,,,,,,,,,,,,,,,,,,,,,,,,,,,,,
,,,,,,,,,,,,,,,,,,,,,,,,,,,,,,,,,,,,,,,,,,,,,,,,,,,,,,,,,,,,,
,,,,,,,,,,,,,,,,,,,,,,,,,,,,,,,,,,,,,,,,,,,,,,,,,,,,,,,,,,,,,
,,,,,,,,,,,,,,,,,,,,,,,,,,,,,,,,,,,,,,,,,,,,,,,,,,,,,,,,,,,,,
,,,,,,,,,,,,,,,,,,,,,,,,,,,,,,,,,,,,,,,,,,,,,,,,,,,,,,,,,,,,,
,,,,,,,,,,,,,,,,,,,,,,,,,,,,,,,,,,,,,,,,,,,,,,,,,,,,,,,,,,,,,
,,,,,,,,,,,,,,,,,,,,,,,,,,,,,,,,,,,,,,,,,,,,,,,,,,,,,,,,,,,,,
,,,,,,,,,,,,,,,,,,,,,,,,,,,,,,,,,,,,,,,,,,,,,,,,,,,,,,,,,,,,,
,,,,,,,,,,,,,,,,,,,,,,,,,,,,,,,,,,,,,,,,,,,,,,,,,,,,,,,,,,,,,
,,,,,,,,,,,,,,,,,,,,,,,,,,,,,,,,,,,,,,,,,,,,,,,,,,,,,,,,,,,,,
,,,,,,,,,,,,,,,,,,,,,,,,,,,,,,,,,,,,,,,,,,,,,,,,,,,,,,,,,,,,,
,,,,,,,,,,,,,,,,,,,,,,,,,,,,,,,,,,,,,,,,,,,,,,,,,,,,,,,,,,,,,
,,,,,,,,,,,,,,,,,,,,,,,,,,,,,,,,,,,,,,,,,,,,,,,,,,,,,,,,,,,,,
,,,,,,,,,,,,,,,,,,,,,,,,,,,,,,,,,,,,,,,,,,,,,,,,,,,,,,,,,,,,,
,,,,,,,,,,,,,,,,,,,,,,,,,,,,,,,,,,,,,,,,,,,,,,,,,,,,,,,,,,,,,
,,,,,,,,,,,,,,,,,,,,,,,,,,,,,,,,,,,,,,,,,,,,,,,,,,,,,,,,,,,,,
,,,,,,,,,,,,,,,,,,,,,,,,,,,,,,,,,,,,,,,,,,,,,,,,,,,,,,,,,,,,,
,,,,,,,,,,,,,,,,,,,,,,,,,,,,,,,,,,,,,,,,,,,,,,,,,,,,,,,,,,,,,
,,,,,,,,,,,,,,,,,,,,,,,,,,,,,,,,,,,,,,,,,,,,,,,,,,,,,,,,,,,,,
,,,,,,,,,,,,,,,,,,,,,,,,,,,,,,,,,,,,,,,,,,,,,,,,,,,,,,,,,,,,,
,,,,,,,,,,,,,,,,,,,,,,,,,,,,,,,,,,,,,,,,,,,,,,,,,,,,,,,,,,,,,
,,,,,,,,,,,,,,,,,,,,,,,,,,,,,,,,,,,,,,,,,,,,,,,,,,,,,,,,,,,,,
,,,,,,,,,,,,,,,,,,,,,,,,,,,,,,,,,,,,,,,,,,,,,,,,,,,,,,,,,,,,,
,,,,,,,,,,,,,,,,,,,,,,,,,,,,,,,,,,,,,,,,,,,,,,,,,,,,,,,,,,,,,
,,,,,,,,,,,,,,,,,,,,,,,,,,,,,,,,,,,,,,,,,,,,,,,,,,,,,,,,,,,,,
,,,,,,,,,,,,,,,,,,,,,,,,,,,,,,,,,,,,,,,,,,,,,,,,,,,,,,,,,,,,,
,,,,,,,,,,,,,,,,,,,,,,,,,,,,,,,,,,,,,,,,,,,,,,,,,,,,,,,,,,,,,
,,,,,,,,,,,,,,,,,,,,,,,,,,,,,,,,,,,,,,,,,,,,,,,,,,,,,,,,,,,,,
,,,,,,,,,,,,,,,,,,,,,,,,,,,,,,,,,,,,,,,,,,,,,,,,,,,,,,,,,,,,,
,,,,,,,,,,,,,,,,,,,,,,,,,,,,,,,,,,,,,,,,,,,,,,,,,,,,,,,,,,,,,
,,,,,,,,,,,,,,,,,,,,,,,,,,,,,,,,,,,,,,,,,,,,,,,,,,,,,,,,,,,,,
,,,,,,,,,,,,,,,,,,,,,,,,,,,,,,,,,,,,,,,,,,,,,,,,,,,,,,,,,,,,,
,,,,,,,,,,,,,,,,,,,,,,,,,,,,,,,,,,,,,,,,,,,,,,,,,,,,,,,,,,,,,
,,,,,,,,,,,,,,,,,,,,,,,,,,,,,,,,,,,,,,,,,,,,,,,,,,,,,,,,,,,,,
,,,,,,,,,,,,,,,,,,,,,,,,,,,,,,,,,,,,,,,,,,,,,,,,,,,,,,,,,,,,,
,,,,,,,,,,,,,,,,,,,,,,,,,,,,,,,,,,,,,,,,,,,,,,,,,,,,,,,,,,,,,
,,,,,,,,,,,,,,,,,,,,,,,,,,,,,,,,,,,,,,,,,,,,,,,,,,,,,,,,,,,,,
,,,,,,,,,,,,,,,,,,,,,,,,,,,,,,,,,,,,,,,,,,,,,,,,,,,,,,,,,,,,,
,,,,,,,,,,,,,,,,,,,,,,,,,,,,,,,,,,,,,,,,,,,,,,,,,,,,,,,,,,,,,
,,,,,,,,,,,,,,,,,,,,,,,,,,,,,,,,,,,,,,,,,,,,,,,,,,,,,,,,,,,,,
,,,,,,,,,,,,,,,,,,,,,,,,,,,,,,,,,,,,,,,,,,,,,,,,,,,,,,,,,,,,,
,,,,,,,,,,,,,,,,,,,,,,,,,,,,,,,,,,,,,,,,,,,,,,,,,,,,,,,,,,,,,
,,,,,,,,,,,,,,,,,,,,,,,,,,,,,,,,,,,,,,,,,,,,,,,,,,,,,,,,,,,,,
,,,,,,,,,,,,,,,,,,,,,,,,,,,,,,,,,,,,,,,,,,,,,,,,,,,,,,,,,,,,,
,,,,,,,,,,,,,,,,,,,,,,,,,,,,,,,,,,,,,,,,,,,,,,,,,,,,,,,,,,,,,
,,,,,,,,,,,,,,,,,,,,,,,,,,,,,,,,,,,,,,,,,,,,,,,,,,,,,,,,,,,,,
,,,,,,,,,,,,,,,,,,,,,,,,,,,,,,,,,,,,,,,,,,,,,,,,,,,,,,,,,,,,,
,,,,,,,,,,,,,,,,,,,,,,,,,,,,,,,,,,,,,,,,,,,,,,,,,,,,,,,,,,,,,
,,,,,,,,,,,,,,,,,,,,,,,,,,,,,,,,,,,,,,,,,,,,,,,,,,,,,,,,,,,,,
,,,,,,,,,,,,,,,,,,,,,,,,,,,,,,,,,,,,,,,,,,,,,,,,,,,,,,,,,,,,,
,,,,,,,,,,,,,,,,,,,,,,,,,,,,,,,,,,,,,,,,,,,,,,,,,,,,,,,,,,,,,
,,,,,,,,,,,,,,,,,,,,,,,,,,,,,,,,,,,,,,,,,,,,,,,,,,,,,,,,,,,,,
,,,,,,,,,,,,,,,,,,,,,,,,,,,,,,,,,,,,,,,,,,,,,,,,,,,,,,,,,,,,,
,,,,,,,,,,,,,,,,,,,,,,,,,,,,,,,,,,,,,,,,,,,,,,,,,,,,,,,,,,,,,
,,,,,,,,,,,,,,,,,,,,,,,,,,,,,,,,,,,,,,,,,,,,,,,,,,,,,,,,,,,,,
,,,,,,,,,,,,,,,,,,,,,,,,,,,,,,,,,,,,,,,,,,,,,,,,,,,,,,,,,,,,,
,,,,,,,,,,,,,,,,,,,,,,,,,,,,,,,,,,,,,,,,,,,,,,,,,,,,,,,,,,,,,
,,,,,,,,,,,,,,,,,,,,,,,,,,,,,,,,,,,,,,,,,,,,,,,,,,,,,,,,,,,,,
,,,,,,,,,,,,,,,,,,,,,,,,,,,,,,,,,,,,,,,,,,,,,,,,,,,,,,,,,,,,,
,,,,,,,,,,,,,,,,,,,,,,,,,,,,,,,,,,,,,,,,,,,,,,,,,,,,,,,,,,,,,
,,,,,,,,,,,,,,,,,,,,,,,,,,,,,,,,,,,,,,,,,,,,,,,,,,,,,,,,,,,,,
,,,,,,,,,,,,,,,,,,,,,,,,,,,,,,,,,,,,,,,,,,,,,,,,,,,,,,,,,,,,,
,,,,,,,,,,,,,,,,,,,,,,,,,,,,,,,,,,,,,,,,,,,,,,,,,,,,,,,,,,,,,
,,,,,,,,,,,,,,,,,,,,,,,,,,,,,,,,,,,,,,,,,,,,,,,,,,,,,,,,,,,,,
,,,,,,,,,,,,,,,,,,,,,,,,,,,,,,,,,,,,,,,,,,,,,,,,,,,,,,,,,,,,,
,,,,,,,,,,,,,,,,,,,,,,,,,,,,,,,,,,,,,,,,,,,,,,,,,,,,,,,,,,,,,
,,,,,,,,,,,,,,,,,,,,,,,,,,,,,,,,,,,,,,,,,,,,,,,,,,,,,,,,,,,,,
,,,,,,,,,,,,,,,,,,,,,,,,,,,,,,,,,,,,,,,,,,,,,,,,,,,,,,,,,,,,,
,,,,,,,,,,,,,,,,,,,,,,,,,,,,,,,,,,,,,,,,,,,,,,,,,,,,,,,,,,,,,
,,,,,,,,,,,,,,,,,,,,,,,,,,,,,,,,,,,,,,,,,,,,,,,,,,,,,,,,,,,,,
,,,,,,,,,,,,,,,,,,,,,,,,,,,,,,,,,,,,,,,,,,,,,,,,,,,,,,,,,,,,,
,,,,,,,,,,,,,,,,,,,,,,,,,,,,,,,,,,,,,,,,,,,,,,,,,,,,,,,,,,,,,
,,,,,,,,,,,,,,,,,,,,,,,,,,,,,,,,,,,,,,,,,,,,,,,,,,,,,,,,,,,,,
,,,,,,,,,,,,,,,,,,,,,,,,,,,,,,,,,,,,,,,,,,,,,,,,,,,,,,,,,,,,,
,,,,,,,,,,,,,,,,,,,,,,,,,,,,,,,,,,,,,,,,,,,,,,,,,,,,,,,,,,,,,
,,,,,,,,,,,,,,,,,,,,,,,,,,,,,,,,,,,,,,,,,,,,,,,,,,,,,,,,,,,,,
,,,,,,,,,,,,,,,,,,,,,,,,,,,,,,,,,,,,,,,,,,,,,,,,,,,,,,,,,,,,,
,,,,,,,,,,,,,,,,,,,,,,,,,,,,,,,,,,,,,,,,,,,,,,,,,,,,,,,,,,,,,
,,,,,,,,,,,,,,,,,,,,,,,,,,,,,,,,,,,,,,,,,,,,,,,,,,,,,,,,,,,,,
,,,,,,,,,,,,,,,,,,,,,,,,,,,,,,,,,,,,,,,,,,,,,,,,,,,,,,,,,,,,,
,,,,,,,,,,,,,,,,,,,,,,,,,,,,,,,,,,,,,,,,,,,,,,,,,,,,,,,,,,,,,
,,,,,,,,,,,,,,,,,,,,,,,,,,,,,,,,,,,,,,,,,,,,,,,,,,,,,,,,,,,,,
,,,,,,,,,,,,,,,,,,,,,,,,,,,,,,,,,,,,,,,,,,,,,,,,,,,,,,,,,,,,,
,,,,,,,,,,,,,,,,,,,,,,,,,,,,,,,,,,,,,,,,,,,,,,,,,,,,,,,,,,,,,
,,,,,,,,,,,,,,,,,,,,,,,,,,,,,,,,,,,,,,,,,,,,,,,,,,,,,,,,,,,,,
,,,,,,,,,,,,,,,,,,,,,,,,,,,,,,,,,,,,,,,,,,,,,,,,,,,,,,,,,,,,,
,,,,,,,,,,,,,,,,,,,,,,,,,,,,,,,,,,,,,,,,,,,,,,,,,,,,,,,,,,,,,
,,,,,,,,,,,,,,,,,,,,,,,,,,,,,,,,,,,,,,,,,,,,,,,,,,,,,,,,,,,,,
,,,,,,,,,,,,,,,,,,,,,,,,,,,,,,,,,,,,,,,,,,,,,,,,,,,,,,,,,,,,,
,,,,,,,,,,,,,,,,,,,,,,,,,,,,,,,,,,,,,,,,,,,,,,,,,,,,,,,,,,,,,
,,,,,,,,,,,,,,,,,,,,,,,,,,,,,,,,,,,,,,,,,,,,,,,,,,,,,,,,,,,,,
,,,,,,,,,,,,,,,,,,,,,,,,,,,,,,,,,,,,,,,,,,,,,,,,,,,,,,,,,,,,,
,,,,,,,,,,,,,,,,,,,,,,,,,,,,,,,,,,,,,,,,,,,,,,,,,,,,,,,,,,,,,
,,,,,,,,,,,,,,,,,,,,,,,,,,,,,,,,,,,,,,,,,,,,,,,,,,,,,,,,,,,,,
,,,,,,,,,,,,,,,,,,,,,,,,,,,,,,,,,,,,,,,,,,,,,,,,,,,,,,,,,,,,,
,,,,,,,,,,,,,,,,,,,,,,,,,,,,,,,,,,,,,,,,,,,,,,,,,,,,,,,,,,,,,
,,,,,,,,,,,,,,,,,,,,,,,,,,,,,,,,,,,,,,,,,,,,,,,,,,,,,,,,,,,,,
,,,,,,,,,,,,,,,,,,,,,,,,,,,,,,,,,,,,,,,,,,,,,,,,,,,,,,,,,,,,,
,,,,,,,,,,,,,,,,,,,,,,,,,,,,,,,,,,,,,,,,,,,,,,,,,,,,,,,,,,,,,
,,,,,,,,,,,,,,,,,,,,,,,,,,,,,,,,,,,,,,,,,,,,,,,,,,,,,,,,,,,,,
,,,,,,,,,,,,,,,,,,,,,,,,,,,,,,,,,,,,,,,,,,,,,,,,,,,,,,,,,,,,,
,,,,,,,,,,,,,,,,,,,,,,,,,,,,,,,,,,,,,,,,,,,,,,,,,,,,,,,,,,,,,
,,,,,,,,,,,,,,,,,,,,,,,,,,,,,,,,,,,,,,,,,,,,,,,,,,,,,,,,,,,,,
,,,,,,,,,,,,,,,,,,,,,,,,,,,,,,,,,,,,,,,,,,,,,,,,,,,,,,,,,,,,,
,,,,,,,,,,,,,,,,,,,,,,,,,,,,,,,,,,,,,,,,,,,,,,,,,,,,,,,,,,,,,
,,,,,,,,,,,,,,,,,,,,,,,,,,,,,,,,,,,,,,,,,,,,,,,,,,,,,,,,,,,,,
,,,,,,,,,,,,,,,,,,,,,,,,,,,,,,,,,,,,,,,,,,,,,,,,,,,,,,,,,,,,,
,,,,,,,,,,,,,,,,,,,,,,,,,,,,,,,,,,,,,,,,,,,,,,,,,,,,,,,,,,,,,
,,,,,,,,,,,,,,,,,,,,,,,,,,,,,,,,,,,,,,,,,,,,,,,,,,,,,,,,,,,,,
,,,,,,,,,,,,,,,,,,,,,,,,,,,,,,,,,,,,,,,,,,,,,,,,,,,,,,,,,,,,,
,,,,,,,,,,,,,,,,,,,,,,,,,,,,,,,,,,,,,,,,,,,,,,,,,,,,,,,,,,,,,
,,,,,,,,,,,,,,,,,,,,,,,,,,,,,,,,,,,,,,,,,,,,,,,,,,,,,,,,,,,,,
,,,,,,,,,,,,,,,,,,,,,,,,,,,,,,,,,,,,,,,,,,,,,,,,,,,,,,,,,,,,,
,,,,,,,,,,,,,,,,,,,,,,,,,,,,,,,,,,,,,,,,,,,,,,,,,,,,,,,,,,,,,
,,,,,,,,,,,,,,,,,,,,,,,,,,,,,,,,,,,,,,,,,,,,,,,,,,,,,,,,,,,,,
,,,,,,,,,,,,,,,,,,,,,,,,,,,,,,,,,,,,,,,,,,,,,,,,,,,,,,,,,,,,,
,,,,,,,,,,,,,,,,,,,,,,,,,,,,,,,,,,,,,,,,,,,,,,,,,,,,,,,,,,,,,
,,,,,,,,,,,,,,,,,,,,,,,,,,,,,,,,,,,,,,,,,,,,,,,,,,,,,,,,,,,,,
,,,,,,,,,,,,,,,,,,,,,,,,,,,,,,,,,,,,,,,,,,,,,,,,,,,,,,,,,,,,,
,,,,,,,,,,,,,,,,,,,,,,,,,,,,,,,,,,,,,,,,,,,,,,,,,,,,,,,,,,,,,
,,,,,,,,,,,,,,,,,,,,,,,,,,,,,,,,,,,,,,,,,,,,,,,,,,,,,,,,,,,,,
,,,,,,,,,,,,,,,,,,,,,,,,,,,,,,,,,,,,,,,,,,,,,,,,,,,,,,,,,,,,,
,,,,,,,,,,,,,,,,,,,,,,,,,,,,,,,,,,,,,,,,,,,,,,,,,,,,,,,,,,,,,
,,,,,,,,,,,,,,,,,,,,,,,,,,,,,,,,,,,,,,,,,,,,,,,,,,,,,,,,,,,,,
,,,,,,,,,,,,,,,,,,,,,,,,,,,,,,,,,,,,,,,,,,,,,,,,,,,,,,,,,,,,,
,,,,,,,,,,,,,,,,,,,,,,,,,,,,,,,,,,,,,,,,,,,,,,,,,,,,,,,,,,,,,
,,,,,,,,,,,,,,,,,,,,,,,,,,,,,,,,,,,,,,,,,,,,,,,,,,,,,,,,,,,,,
,,,,,,,,,,,,,,,,,,,,,,,,,,,,,,,,,,,,,,,,,,,,,,,,,,,,,,,,,,,,,
,,,,,,,,,,,,,,,,,,,,,,,,,,,,,,,,,,,,,,,,,,,,,,,,,,,,,,,,,,,,,
,,,,,,,,,,,,,,,,,,,,,,,,,,,,,,,,,,,,,,,,,,,,,,,,,,,,,,,,,,,,,
,,,,,,,,,,,,,,,,,,,,,,,,,,,,,,,,,,,,,,,,,,,,,,,,,,,,,,,,,,,,,
,,,,,,,,,,,,,,,,,,,,,,,,,,,,,,,,,,,,,,,,,,,,,,,,,,,,,,,,,,,,,
,,,,,,,,,,,,,,,,,,,,,,,,,,,,,,,,,,,,,,,,,,,,,,,,,,,,,,,,,,,,,
,,,,,,,,,,,,,,,,,,,,,,,,,,,,,,,,,,,,,,,,,,,,,,,,,,,,,,,,,,,,,
,,,,,,,,,,,,,,,,,,,,,,,,,,,,,,,,,,,,,,,,,,,,,,,,,,,,,,,,,,,,,
,,,,,,,,,,,,,,,,,,,,,,,,,,,,,,,,,,,,,,,,,,,,,,,,,,,,,,,,,,,,,
,,,,,,,,,,,,,,,,,,,,,,,,,,,,,,,,,,,,,,,,,,,,,,,,,,,,,,,,,,,,,
,,,,,,,,,,,,,,,,,,,,,,,,,,,,,,,,,,,,,,,,,,,,,,,,,,,,,,,,,,,,,
,,,,,,,,,,,,,,,,,,,,,,,,,,,,,,,,,,,,,,,,,,,,,,,,,,,,,,,,,,,,,
,,,,,,,,,,,,,,,,,,,,,,,,,,,,,,,,,,,,,,,,,,,,,,,,,,,,,,,,,,,,,
,,,,,,,,,,,,,,,,,,,,,,,,,,,,,,,,,,,,,,,,,,,,,,,,,,,,,,,,,,,,,
,,,,,,,,,,,,,,,,,,,,,,,,,,,,,,,,,,,,,,,,,,,,,,,,,,,,,,,,,,,,,
,,,,,,,,,,,,,,,,,,,,,,,,,,,,,,,,,,,,,,,,,,,,,,,,,,,,,,,,,,,,,
,,,,,,,,,,,,,,,,,,,,,,,,,,,,,,,,,,,,,,,,,,,,,,,,,,,,,,,,,,,,,
,,,,,,,,,,,,,,,,,,,,,,,,,,,,,,,,,,,,,,,,,,,,,,,,,,,,,,,,,,,,,
,,,,,,,,,,,,,,,,,,,,,,,,,,,,,,,,,,,,,,,,,,,,,,,,,,,,,,,,,,,,,
,,,,,,,,,,,,,,,,,,,,,,,,,,,,,,,,,,,,,,,,,,,,,,,,,,,,,,,,,,,,,
,,,,,,,,,,,,,,,,,,,,,,,,,,,,,,,,,,,,,,,,,,,,,,,,,,,,,,,,,,,,,
,,,,,,,,,,,,,,,,,,,,,,,,,,,,,,,,,,,,,,,,,,,,,,,,,,,,,,,,,,,,,
,,,,,,,,,,,,,,,,,,,,,,,,,,,,,,,,,,,,,,,,,,,,,,,,,,,,,,,,,,,,,
,,,,,,,,,,,,,,,,,,,,,,,,,,,,,,,,,,,,,,,,,,,,,,,,,,,,,,,,,,,,,
,,,,,,,,,,,,,,,,,,,,,,,,,,,,,,,,,,,,,,,,,,,,,,,,,,,,,,,,,,,,,
,,,,,,,,,,,,,,,,,,,,,,,,,,,,,,,,,,,,,,,,,,,,,,,,,,,,,,,,,,,,,
,,,,,,,,,,,,,,,,,,,,,,,,,,,,,,,,,,,,,,,,,,,,,,,,,,,,,,,,,,,,,